0,Avatar
1,Pirates of the Caribbean: At World's End
2,Spectre
3,The Dark Knight Rises
4,John Carter
5,Spider-Man 3
6,Tangled
7,Avengers: Age of Ultron
8,Harry Potter and the Half-Blood Prince
9,Batman v Superman: Dawn of Justice
10,Superman Returns
11,Quantum of Solace
12,Pirates of the Caribbean: Dead Man's Chest
13,The Lone Ranger
14,Man of Steel
15,The Chronicles of Narnia: Prince Caspian
16,The Avengers
17,Pirates of the Caribbean: On Stranger Tides
18,Men in Black 3
19,The Hobbit: The Battle of the Five Armies
20,The Amazing Spider-Man
21,Robin Hood
22,The Hobbit: The Desolation of Smaug
23,The Golden Compass
24,King Kong
25,Titanic
26,Captain America: Civil War
27,Battleship
28,Jurassic World
29,Skyfall
30,Spider-Man 2
31,Iron Man 3
32,Alice in Wonderland
33,X-Men: The Last Stand
34,Monsters University
35,Transformers: Revenge of the Fallen
36,Transformers: Age of Extinction
37,Oz: The Great and Powerful
38,The Amazing Spider-Man 2
39,TRON: Legacy
40,Cars 2
41,Green Lantern
42,Toy Story 3
43,Terminator Salvation
44,Furious 7
45,World War Z
46,X-Men: Days of Future Past
47,Star Trek Into Darkness
48,Jack the Giant Slayer
49,The Great Gatsby
50,Prince of Persia: The Sands of Time
51,Pacific Rim
52,Transformers: Dark of the Moon
53,Indiana Jones and the Kingdom of the Crystal Skull
54,The Good Dinosaur
55,Brave
56,Star Trek Beyond
57,WALL·E
58,Rush Hour 3
59,2012
60,A Christmas Carol
61,Jupiter Ascending
62,The Legend of Tarzan
63,"The Chronicles of Narnia: The Lion, the Witch and the Wardrobe"
64,X-Men: Apocalypse
65,The Dark Knight
66,Up
67,Monsters vs Aliens
68,Iron Man
69,Hugo
70,Wild Wild West
71,The Mummy: Tomb of the Dragon Emperor
72,Suicide Squad
73,Evan Almighty
74,Edge of Tomorrow
75,Waterworld
76,G.I. Joe: The Rise of Cobra
77,Inside Out
78,The Jungle Book
79,Iron Man 2
80,Snow White and the Huntsman
81,Maleficent
82,Dawn of the Planet of the Apes
83,The Lovers
84,47 Ronin
85,Captain America: The Winter Soldier
86,Shrek Forever After
87,Tomorrowland
88,Big Hero 6
89,Wreck-It Ralph
90,The Polar Express
91,Independence Day: Resurgence
92,How to Train Your Dragon
93,Terminator 3: Rise of the Machines
94,Guardians of the Galaxy
95,Interstellar
96,Inception
97,The Hobbit: An Unexpected Journey
98,The Fast and the Furious
99,The Curious Case of Benjamin Button
100,X-Men: First Class
101,The Hunger Games: Mockingjay - Part 2
102,The Sorcerer's Apprentice
103,Poseidon
104,Alice Through the Looking Glass
105,Shrek the Third
106,Warcraft
107,Terminator Genisys
108,The Chronicles of Narnia: The Voyage of the Dawn Treader
109,Pearl Harbor
110,Transformers
111,Alexander
112,Harry Potter and the Order of the Phoenix
113,Harry Potter and the Goblet of Fire
114,Hancock
115,I Am Legend
116,Charlie and the Chocolate Factory
117,Ratatouille
118,Batman Begins
119,Madagascar: Escape 2 Africa
120,Night at the Museum: Battle of the Smithsonian
121,X-Men Origins: Wolverine
122,The Matrix Revolutions
123,Frozen
124,The Matrix Reloaded
125,Thor: The Dark World
126,Mad Max: Fury Road
127,Angels & Demons
128,Thor
129,Bolt
130,G-Force
131,Wrath of the Titans
132,Dark Shadows
133,Mission: Impossible - Rogue Nation
134,The Wolfman
135,Bee Movie
136,Kung Fu Panda 2
137,The Last Airbender
138,Mission: Impossible III
139,White House Down
140,Mars Needs Moms
141,Flushed Away
142,Pan
143,Mr. Peabody & Sherman
144,Troy
145,Madagascar 3: Europe's Most Wanted
146,Die Another Day
147,Ghostbusters
148,Armageddon
149,Men in Black II
150,Beowulf
151,Kung Fu Panda 3
152,Mission: Impossible - Ghost Protocol
153,Rise of the Guardians
154,Fun with Dick and Jane
155,The Last Samurai
156,Exodus: Gods and Kings
157,Star Trek
158,Spider-Man
159,How to Train Your Dragon 2
160,Gods of Egypt
161,Stealth
162,Watchmen
163,Lethal Weapon 4
164,Hulk
165,G.I. Joe: Retaliation
166,Sahara
167,Final Fantasy: The Spirits Within
168,Captain America: The First Avenger
169,The World Is Not Enough
170,Master and Commander: The Far Side of the World
171,The Twilight Saga: Breaking Dawn - Part 2
172,Happy Feet Two
173,The Incredible Hulk
174,The BFG
175,The Revenant
176,Turbo
177,Rango
178,Penguins of Madagascar
179,The Bourne Ultimatum
180,Kung Fu Panda
181,Ant-Man
182,The Hunger Games: Catching Fire
183,Home
184,War of the Worlds
185,Bad Boys II
186,Puss in Boots
187,Salt
188,Noah
189,The Adventures of Tintin
190,Harry Potter and the Prisoner of Azkaban
191,Australia
192,After Earth
193,Dinosaur
194,Night at the Museum: Secret of the Tomb
195,Megamind
196,Harry Potter and the Philosopher's Stone
197,R.I.P.D.
198,Pirates of the Caribbean: The Curse of the Black Pearl
199,The Hunger Games: Mockingjay - Part 1
200,The Da Vinci Code
201,Rio 2
202,X2
203,Fast Five
204,Sherlock Holmes: A Game of Shadows
205,Clash of the Titans
206,Total Recall
207,The 13th Warrior
208,The Bourne Legacy
209,Batman & Robin
210,How the Grinch Stole Christmas
211,The Day After Tomorrow
212,Mission: Impossible II
213,The Perfect Storm
214,4: Rise of the Silver Surfer
215,Life of Pi
216,Ghost Rider
217,Jason Bourne
218,Charlie's Angels: Full Throttle
219,Prometheus
220,Stuart Little 2
221,Elysium
222,The Chronicles of Riddick
223,RoboCop
224,Speed Racer
225,How Do You Know
226,Knight and Day
227,Oblivion
228,Star Wars: Episode III - Revenge of the Sith
229,Star Wars: Episode II - Attack of the Clones
230,"Monsters, Inc."
231,The Wolverine
232,Star Wars: Episode I - The Phantom Menace
233,The Croods
234,Astérix aux Jeux Olympiques
235,Windtalkers
236,The Huntsman: Winter's War
237,Teenage Mutant Ninja Turtles
238,Gravity
239,Dante's Peak
240,Teenage Mutant Ninja Turtles: Out of the Shadows
241,Fantastic Four
242,Night at the Museum
243,San Andreas
244,Tomorrow Never Dies
245,The Patriot
246,Ocean's Twelve
247,Mr. & Mrs. Smith
248,Insurgent
249,The Aviator
250,Gulliver's Travels
251,The Green Hornet
252,300: Rise of an Empire
253,The Smurfs
254,Home on the Range
255,Allegiant
256,Real Steel
257,The Smurfs 2
258,Speed 2: Cruise Control
259,Ender's Game
260,Live Free or Die Hard
261,The Lord of the Rings: The Fellowship of the Ring
262,Around the World in 80 Days
263,Ali
264,The Cat in the Hat
265,"I, Robot"
266,Kingdom of Heaven
267,Stuart Little
268,The Princess and the Frog
269,The Martian
270,The Island
271,Town & Country
272,Gone in Sixty Seconds
273,Gladiator
274,Minority Report
275,Harry Potter and the Chamber of Secrets
276,Casino Royale
277,Planet of the Apes
278,Terminator 2: Judgment Day
279,Public Enemies
280,American Gangster
281,True Lies
282,The Taking of Pelham 1 2 3
283,Little Fockers
284,The Other Guys
285,Eraser
286,Django Unchained
287,The Hunchback of Notre Dame
288,The Emperor's New Groove
289,The Expendables 2
290,National Treasure
291,Eragon
292,Where the Wild Things Are
293,Epic
294,The Tourist
295,End of Days
296,Blood Diamond
297,The Wolf of Wall Street
298,Batman Forever
299,Starship Troopers
300,Cloud Atlas
301,Legend of the Guardians: The Owls of Ga'Hoole
302,Catwoman
303,Hercules
304,Treasure Planet
305,Land of the Lost
306,The Expendables 3
307,Point Break
308,Son of the Mask
309,In the Heart of the Sea
310,The Adventures of Pluto Nash
311,Green Zone
312,The Peanuts Movie
313,The Spanish Prisoner
314,The Mummy Returns
315,Gangs of New York
316,Surf's Up
317,The Stepford Wives
318,Black Hawk Down
319,The Campaign
320,The Fifth Element
321,Sex and the City 2
322,The Road to El Dorado
323,Ice Age: Continental Drift
324,Cinderella
325,The Lovely Bones
326,Finding Nemo
327,The Lord of the Rings: The Return of the King
328,The Lord of the Rings: The Two Towers
329,Seventh Son
330,Lara Croft: Tomb Raider
331,Transcendence
332,Jurassic Park III
333,Rise of the Planet of the Apes
334,The Spiderwick Chronicles
335,A Good Day to Die Hard
336,The Alamo
337,The Incredibles
338,Cutthroat Island
339,Percy Jackson & the Olympians: The Lightning Thief
340,Men in Black
341,Toy Story 2
342,Unstoppable
343,Rush Hour 2
344,What Lies Beneath
345,Cloudy with a Chance of Meatballs
346,Ice Age: Dawn of the Dinosaurs
347,The Secret Life of Walter Mitty
348,Charlie's Angels
349,The Departed
350,Mulan
351,Tropic Thunder
352,The Girl with the Dragon Tattoo
353,Die Hard: With a Vengeance
354,Sherlock Holmes
355,Ben-Hur
356,Atlantis: The Lost Empire
357,Alvin and the Chipmunks: The Road Chip
358,Valkyrie
359,You Don't Mess with the Zohan
360,Pixels
361,A.I. Artificial Intelligence
362,The Haunted Mansion
363,Contact
364,Hollow Man
365,The Interpreter
366,Percy Jackson: Sea of Monsters
367,Lara Croft Tomb Raider: The Cradle of Life
368,Now You See Me 2
369,The Saint
370,Spy Game
371,Mission to Mars
372,Rio
373,Bicentennial Man
374,Volcano
375,The Devil's Own
376,K-19: The Widowmaker
377,Conan the Barbarian
378,Cinderella Man
379,The Nutcracker: The Untold Story
380,Seabiscuit
381,Twister
382,Cast Away
383,Happy Feet
384,The Bourne Supremacy
385,Air Force One
386,Ocean's Eleven
387,The Three Musketeers
388,Hotel Transylvania
389,Enchanted
390,Safe House
391,102 Dalmatians
392,Tower Heist
393,The Holiday
394,Enemy of the State
395,It's Complicated
396,Ocean's Thirteen
397,Open Season
398,Divergent
399,Enemy at the Gates
400,The Rundown
401,Last Action Hero
402,Memoirs of a Geisha
403,The Fast and the Furious: Tokyo Drift
404,Arthur Christmas
405,Meet Joe Black
406,Collateral Damage
407,All That Jazz
408,Mirror Mirror
409,Scott Pilgrim vs. the World
410,The Core
411,Nutty Professor II: The Klumps
412,Scooby-Doo
413,Dredd
414,Click
415,Creepshow
416,Cats & Dogs 2 : The Revenge of Kitty Galore
417,Jumper
418,Hellboy II: The Golden Army
419,Zodiac
420,The 6th Day
421,Bruce Almighty
422,The Expendables
423,Mission: Impossible
424,The Hunger Games
425,The Hangover Part II
426,Batman Returns
427,Over the Hedge
428,Lilo & Stitch
429,Charlotte's Web
430,Deep Impact
431,RED 2
432,The Longest Yard
433,Alvin and the Chipmunks: Chipwrecked
434,Grown Ups 2
435,Get Smart
436,Something's Gotta Give
437,Shutter Island
438,Four Christmases
439,Robots
440,Face/Off
441,Bedtime Stories
442,Road to Perdition
443,Just Go with It
444,Con Air
445,Eagle Eye
446,Cold Mountain
447,The Book of Eli
448,Flubber
449,The Haunting
450,Space Jam
451,The Pink Panther
452,The Day the Earth Stood Still
453,Conspiracy Theory
454,Fury
455,Six Days Seven Nights
456,Yogi Bear
457,Spirit: Stallion of the Cimarron
458,Zookeeper
459,Lost in Space
460,The Manchurian Candidate
461,Déjà Vu
462,Hotel Transylvania 2
463,Fantasia 2000
464,The Time Machine
465,Mighty Joe Young
466,Swordfish
467,The Legend of Zorro
468,What Dreams May Come
469,Little Nicky
470,The Brothers Grimm
471,Mars Attacks!
472,Évolution
473,The Edge
474,Surrogates
475,Thirteen Days
476,Daylight
477,Walking With Dinosaurs
478,Battlefield Earth
479,Looney Tunes: Back in Action
480,Nine
481,Timeline
482,The Postman
483,Babe: Pig in the City
484,The Last Witch Hunter
485,Red Planet
486,Arthur et les Minimoys
487,Oceans
488,A Sound of Thunder
489,Pompeii
490,Don Gato: El inicio de la pandilla
491,A Beautiful Mind
492,The Lion King
493,Journey 2: The Mysterious Island
494,Cloudy with a Chance of Meatballs 2
495,Red Dragon
496,Hidalgo
497,Jack and Jill
498,2 Fast 2 Furious
499,The Little Prince
500,The Invasion
501,The Adventures of Rocky & Bullwinkle
502,The Secret Life of Pets
503,The League of Extraordinary Gentlemen
504,Despicable Me 2
505,Independence Day
506,The Lost World: Jurassic Park
507,Madagascar
508,Children of Men
509,X-Men
510,Wanted
511,The Rock
512,Ice Age: The Meltdown
513,50 First Dates
514,Hairspray
515,Exorcist: The Beginning
516,Inspector Gadget
517,Now You See Me
518,Grown Ups
519,The Terminal
520,Hotel for Dogs
521,Vertical Limit
522,Charlie Wilson's War
523,Shark Tale
524,Dreamgirls
525,Be Cool
526,Munich
527,Tears of the Sun
528,Killers
529,The Man from U.N.C.L.E.
530,Spanglish
531,Monster House
532,Bandits
533,First Knight
534,Anna and the King
535,Immortals
536,Hostage
537,Titan A.E.
538,Hollywood Homicide
539,Soldier
540,Carriers
541,Monkeybone
542,Flight of the Phoenix
543,Unbreakable
544,Minions
545,Sucker Punch
546,Snake Eyes
547,Sphere
548,The Angry Birds Movie
549,Fool's Gold
550,Funny People
551,The Kingdom
552,Talladega Nights: The Ballad of Ricky Bobby
553,Dr. Dolittle 2
554,Braveheart
555,Jarhead
556,The Simpsons Movie
557,The Majestic
558,Driven
559,Deux frères
560,The Village
561,Doctor Dolittle
562,Signs
563,Shrek 2
564,Cars
565,Runaway Bride
566,xXx
567,The SpongeBob Movie: Sponge Out of Water
568,Ransom
569,Inglourious Basterds
570,Hook
571,Die Hard 2
572,S.W.A.T.
573,Vanilla Sky
574,Lady in the Water
575,AVP: Alien vs. Predator
576,Alvin and the Chipmunks: The Squeakquel
577,We Were Soldiers
578,Olympus Has Fallen
579,Star Trek: Insurrection
580,Battle: Los Angeles
581,Big Fish
582,Wolf
583,War Horse
584,The Monuments Men
585,The Abyss
586,Wall Street: Money Never Sleeps
587,Dracula Untold
588,The Siege
589,Stardust
590,Seven Years in Tibet
591,The Dilemma
592,Bad Company
593,Doom
594,I Spy
595,Underworld: Awakening
596,Rock of Ages
597,Hart's War
598,Killer Elite
599,Rollerball
600,Ballistic: Ecks vs. Sever
601,Hard Rain
602,Osmosis Jones
603,Legends of Oz: Dorothy's Return
604,Blackhat
605,Sky Captain and the World of Tomorrow
606,Basic Instinct 2
607,Escape Plan
608,The Legend of Hercules
609,The Sum of All Fears
610,The Twilight Saga: Eclipse
611,The Score
612,Despicable Me
613,Money Train
614,Ted 2
615,Agora
616,Mystery Men
617,Hall Pass
618,The Insider
619,The Finest Hours
620,Body of Lies
621,Dinner for Schmucks
622,Abraham Lincoln: Vampire Hunter
623,Entrapment
624,The X Files
625,The Last Legion
626,Saving Private Ryan
627,Need for Speed
628,What Women Want
629,Ice Age
630,Dreamcatcher
631,Lincoln
632,The Matrix
633,Apollo 13
634,The Santa Clause 2
635,Les Misérables
636,You've Got Mail
637,Step Brothers
638,The Mask of Zorro
639,Due Date
640,Unbroken
641,Space Cowboys
642,Cliffhanger
643,Broken Arrow
644,The Kid
645,World Trade Center
646,Mona Lisa Smile
647,The Dictator
648,Eyes Wide Shut
649,Annie
650,Focus
651,This Means War
652,Blade: Trinity
653,Red Dawn
654,Primary Colors
655,Resident Evil: Retribution
656,Death Race
657,The Long Kiss Goodnight
658,Proof of Life
659,Zathura: A Space Adventure
660,Fight Club
661,We Are Marshall
662,Hudson Hawk
663,Lucky Numbers
664,"I, Frankenstein"
665,Oliver Twist
666,Elektra
667,Sin City: A Dame to Kill For
668,Random Hearts
669,Everest
670,Perfume: The Story of a Murderer
671,Austin Powers in Goldmember
672,Astro Boy
673,Jurassic Park
674,Wyatt Earp
675,Clear and Present Danger
676,Little Man
677,U-571
678,The American President
679,The Love Guru
680,3000 Miles to Graceland
681,The Hateful Eight
682,Blades of Glory
683,Hop
684,300
685,Meet the Fockers
686,Marley & Me
687,The Green Mile
688,Wild Hogs
689,Chicken Little
690,Gone Girl
691,The Bourne Identity
692,GoldenEye
693,The General's Daughter
694,The Truman Show
695,The Prince of Egypt
696,Daddy Day Care
697,2 Guns
698,Cats & Dogs
699,The Italian Job
700,Two Weeks Notice
701,Antz
702,Couples Retreat
703,Days of Thunder
704,Cheaper by the Dozen 2
705,Maze Runner: The Scorch Trials
706,Eat Pray Love
707,The Family Man
708,RED
709,Any Given Sunday
710,The Horse Whisperer
711,Collateral
712,The Scorpion King
713,Ladder 49
714,Jack Reacher
715,Deep Blue Sea
716,Michael Jackson's This Is It
717,Contagion
718,Kangaroo Jack
719,Coraline
720,The Happening
721,Man on Fire
722,The Shaggy Dog
723,Starsky & Hutch
724,Jingle All the Way
725,Hellboy
726,A Civil Action
727,ParaNorman
728,The Jackal
729,Paycheck
730,Up Close & Personal
731,The Tale of Despereaux
732,The Tuxedo
733,Under Siege 2: Dark Territory
734,Jack Ryan: Shadow Recruit
735,Joy
736,London Has Fallen
737,Alien: Resurrection
738,Shooter
739,The Boxtrolls
740,Practical Magic
741,The Lego Movie
742,Miss Congeniality 2: Armed and Fabulous
743,Reign of Fire
744,Gangster Squad
745,Year One
746,Invictus
747,State of Play
748,Duplicity
749,My Favorite Martian
750,The Sentinel
751,Planet 51
752,Star Trek: Nemesis
753,Intolerable Cruelty
754,Trouble with the Curve
755,Edge of Darkness
756,The Relic
757,Analyze That
758,Righteous Kill
759,Mercury Rising
760,The Soloist
761,The Legend of Bagger Vance
762,Almost Famous
763,Garfield: A Tail of Two Kitties
764,xXx: State of the Union
765,Priest
766,Sinbad: Legend of the Seven Seas
767,Event Horizon
768,Dragonfly
769,The Black Dahlia
770,Flyboys
771,The Last Castle
772,Supernova
773,Winter's Tale
774,The Mortal Instruments: City of Bones
775,Meet Dave
776,Dark Water
777,Edtv
778,Inkheart
779,The Spirit
780,Mortdecai
781,In the Name of the King: A Dungeon Siege Tale
782,Beyond Borders
783,The Great Raid
784,Deadpool
785,Holy Man
786,American Sniper
787,Goosebumps
788,Just Like Heaven
789,The Flintstones in Viva Rock Vegas
790,Rambo III
791,Leatherheads
792,The Ridiculous 6
793,Did You Hear About the Morgans?
794,The Internship
795,Resident Evil: Afterlife
796,Red Tails
797,The Devil's Advocate
798,That's My Boy
799,DragonHeart
800,After the Sunset
801,Ghost Rider: Spirit of Vengeance
802,Captain Corelli's Mandolin
803,The Pacifier
804,Walking Tall
805,Forrest Gump
806,Alvin and the Chipmunks
807,Meet the Parents
808,Pocahontas
809,Superman
810,The Nutty Professor
811,Hitch
812,George of the Jungle
813,American Wedding
814,Captain Phillips
815,Date Night
816,Casper
817,The Equalizer
818,Maid in Manhattan
819,Crimson Tide
820,The Pursuit of Happyness
821,Flightplan
822,Disclosure
823,City of Angels
824,Kill Bill: Vol. 1
825,Bowfinger
826,Kill Bill: Vol. 2
827,Tango & Cash
828,Death Becomes Her
829,Shanghai Noon
830,Executive Decision
831,Mr. Popper's Penguins
832,The Forbidden Kingdom
833,Free Birds
834,Alien³
835,Evita
836,Ronin
837,The Ghost and the Darkness
838,Paddington
839,The Watch
840,The Hunted
841,Instinct
842,Stuck on You
843,Semi-Pro
844,The Pirates! In an Adventure with Scientists!
845,Changeling
846,Chain Reaction
847,The Fan
848,The Phantom of the Opera
849,Elizabeth: The Golden Age
850,Æon Flux
851,Gods and Generals
852,Turbulence
853,Imagine That
854,Muppets Most Wanted
855,Thunderbirds
856,Burlesque
857,Un long dimanche de fiançailles
858,Lolita
859,D-Tox
860,Blade II
861,Seven Pounds
862,Bullet to the Head
863,The Godfather: Part III
864,Elizabethtown
865,"You, Me and Dupree"
866,Superman II
867,Gigli
868,All the King's Men
869,Shaft
870,Anastasia
871,Moulin Rouge!
872,Domestic Disturbance
873,Black Mass
874,Flags of Our Fathers
875,Law Abiding Citizen
876,Grindhouse
877,Beloved
878,Lucky You
879,Catch Me If You Can
880,Zero Dark Thirty
881,The Break-Up
882,Mamma Mia!
883,Valentine's Day
884,The Dukes of Hazzard
885,The Thin Red Line
886,The Change-Up
887,Man on the Moon
888,Casino
889,From Paris with Love
890,Bulletproof Monk
891,"Me, Myself & Irene"
892,Barnyard
893,Deck the Halls
894,The Twilight Saga: New Moon
895,Shrek
896,The Adjustment Bureau
897,Robin Hood: Prince of Thieves
898,Jerry Maguire
899,Ted
900,As Good as It Gets
901,Patch Adams
902,Anchorman 2: The Legend Continues
903,Mr. Deeds
904,Super 8
905,Erin Brockovich
906,How to Lose a Guy in 10 Days
907,22 Jump Street
908,Interview with the Vampire
909,Yes Man
910,Central Intelligence
911,Stepmom
912,Daddy's Home
913,Into the Woods
914,Inside Man
915,Payback
916,Congo
917,We Bought a Zoo
918,Knowing
919,Failure to Launch
920,The Ring Two
921,"Crazy, Stupid, Love."
922,Garfield
923,Christmas with the Kranks
924,Moneyball
925,Outbreak
926,Non-Stop
927,Race to Witch Mountain
928,V for Vendetta
929,Shanghai Knights
930,Curious George
931,Herbie Fully Loaded
932,Don't Say a Word
933,Hansel & Gretel: Witch Hunters
934,Unfaithful
935,I Am Number Four
936,Syriana
937,13 Hours: The Secret Soldiers of Benghazi
938,The Book of Life
939,Firewall
940,Absolute Power
941,G.I. Jane
942,The Game
943,Silent Hill
944,The Replacements
945,American Reunion
946,The Negotiator
947,Into the Storm
948,Beverly Hills Cop III
949,Gremlins 2: The New Batch
950,The Judge
951,The Peacemaker
952,Resident Evil: Apocalypse
953,Bridget Jones: The Edge of Reason
954,Out of Time
955,On Deadly Ground
956,The Adventures of Sharkboy and Lavagirl
957,The Beach
958,Raising Helen
959,Ninja Assassin
960,For Love of the Game
961,Striptease
962,Marmaduke
963,Hereafter
964,Murder by Numbers
965,Assassins
966,Hannibal Rising
967,The Story of Us
968,The Host
969,Basic
970,Blood Work
971,The International
972,Escape from L.A.
973,The Iron Giant
974,The Life Aquatic with Steve Zissou
975,Free State of Jones
976,The Life of David Gale
977,Man of the House
978,Run All Night
979,Eastern Promises
980,Into the Blue
981,Joan of Arc
982,Your Highness
983,Dream House
984,Mad City
985,Baby's Day Out
986,The Scarlet Letter
987,Fair Game
988,Domino
989,Jade
990,Gamer
991,Beautiful Creatures
992,Death to Smoochy
993,Zoolander 2
994,The Big Bounce
995,What Planet Are You From?
996,Drive Angry
997,Street Fighter: The Legend of Chun-Li
998,The One
999,The Adventures of Ford Fairlane
1000,The Boat That Rocked
1001,Traffic
1002,Indiana Jones and the Last Crusade
1003,Anna Karenina
1004,Chappie
1005,The Bone Collector
1006,Panic Room
1007,The Tooth Fairy
1008,Three Kings
1009,Child 44
1010,Rat Race
1011,K-PAX
1012,Kate & Leopold
1013,Bedazzled
1014,The Cotton Club
1015,3:10 to Yuma
1016,Taken 3
1017,Out of Sight
1018,The Cable Guy
1019,1947: Earth
1020,Dick Tracy
1021,The Thomas Crown Affair
1022,Riding in Cars with Boys
1023,First Blood
1024,Солярис
1025,Happily N'Ever After
1026,Mary Reilly
1027,My Best Friend's Wedding
1028,America's Sweethearts
1029,Insomnia
1030,Star Trek: First Contact
1031,Jonah Hex
1032,Courage Under Fire
1033,Liar Liar
1034,The Infiltrator
1035,Inchon
1036,The Flintstones
1037,Taken 2
1038,Scary Movie 3
1039,Miss Congeniality
1040,Journey to the Center of the Earth
1041,The Princess Diaries 2: Royal Engagement
1042,The Pelican Brief
1043,The Client
1044,The Bucket List
1045,Patriot Games
1046,Monster-in-Law
1047,Prisoners
1048,Training Day
1049,Galaxy Quest
1050,Scary Movie 2
1051,The Muppets
1052,Blade
1053,Coach Carter
1054,Changing Lanes
1055,Anaconda
1056,Coyote Ugly
1057,Love Actually
1058,A Bug's Life
1059,From Hell
1060,The Specialist
1061,Tin Cup
1062,"Yours, Mine and Ours"
1063,Kicking & Screaming
1064,The Hitchhiker's Guide to the Galaxy
1065,Fat Albert
1066,Resident Evil: Extinction
1067,Blended
1068,Last Holiday
1069,The River Wild
1070,The Indian in the Cupboard
1071,Savages
1072,Cellular
1073,Johnny English
1074,The Ant Bully
1075,Dune
1076,Across the Universe
1077,Revolutionary Road
1078,16 Blocks
1079,Babylon A.D.
1080,The Glimmer Man
1081,Multiplicity
1082,Aliens in the Attic
1083,The Pledge
1084,The Producers
1085,The Phantom
1086,All the Pretty Horses
1087,Nixon
1088,The Ghost Writer
1089,Deep Rising
1090,Miracle at St. Anna
1091,Bangkok Dangerous
1092,Big Trouble
1093,Love in the Time of Cholera
1094,Shadow Conspiracy
1095,Johnny English Reborn
1096,Foodfight!
1097,Argo
1098,The Fugitive
1099,The Bounty Hunter
1100,Sleepers
1101,Rambo: First Blood Part II
1102,The Juror
1103,Pinocchio
1104,Heaven's Gate
1105,Underworld: Evolution
1106,Victor Frankenstein
1107,Finding Forrester
1108,28 Days
1109,Unleashed
1110,The Sweetest Thing
1111,The Firm
1112,Charlie St. Cloud
1113,The Mechanic
1114,21 Jump Street
1115,Notting Hill
1116,Chicken Run
1117,Along Came Polly
1118,Boomerang
1119,The Heat
1120,Cleopatra
1121,Here Comes the Boom
1122,High Crimes
1123,The Mirror Has Two Faces
1124,The Mothman Prophecies
1125,Brüno
1126,Licence to Kill
1127,Red Riding Hood
1128,15 Minutes
1129,Super Mario Bros.
1130,Lord of War
1131,One for the Money
1132,The Interview
1133,The Warrior's Way
1134,Micmacs à tire-larigot
1135,8 Mile
1136,Pourquoi j'ai pas mangé mon père
1137,A Knight's Tale
1138,The Medallion
1139,The Sixth Sense
1140,Man on a Ledge
1141,The Big Year
1142,The Karate Kid
1143,American Hustle
1144,The Proposal
1145,Double Jeopardy
1146,Back to the Future Part II
1147,Lucy
1148,Fifty Shades of Grey
1149,Spy Kids 3-D: Game Over
1150,A Time to Kill
1151,Cheaper by the Dozen
1152,Lone Survivor
1153,A League of Their Own
1154,The Conjuring 2
1155,The Social Network
1156,He's Just Not That Into You
1157,Scary Movie 4
1158,Scream 3
1159,Back to the Future Part III
1160,Get Hard
1161,Dracula
1162,Julie & Julia
1163,42
1164,The Talented Mr. Ripley
1165,Dumb and Dumber To
1166,Eight Below
1167,The Intern
1168,Ride Along 2
1169,The Last of the Mohicans
1170,Ray
1171,Sin City
1172,Vantage Point
1173,"I Love You, Man"
1174,Shallow Hal
1175,JFK
1176,Big Momma's House 2
1177,The Mexican
1178,17 Again
1179,The Other Woman
1180,The Final Destination
1181,Bridge of Spies
1182,Behind Enemy Lines
1183,Get Him to the Greek
1184,Shall We Dance?
1185,Small Soldiers
1186,Spawn
1187,The Count of Monte Cristo
1188,The Lincoln Lawyer
1189,Unknown
1190,The Prestige
1191,Horrible Bosses 2
1192,Escape from Planet Earth
1193,Apocalypto
1194,The Living Daylights
1195,Predators
1196,Legal Eagles
1197,Secret Window
1198,The Lake House
1199,The Skeleton Key
1200,The Odd Life of Timothy Green
1201,Made of Honor
1202,Jersey Boys
1203,The Rainmaker
1204,Gothika
1205,Amistad
1206,Medicine Man
1207,Aliens vs Predator: Requiem
1208,Ri¢hie Ri¢h
1209,Autumn in New York
1210,Music and Lyrics
1211,Paul
1212,The Guilt Trip
1213,Scream 4
1214,8MM
1215,The Doors
1216,Sex Tape
1217,Hanging Up
1218,Final Destination 5
1219,Mickey Blue Eyes
1220,Pay It Forward
1221,Fever Pitch
1222,Drillbit Taylor
1223,A Million Ways to Die in the West
1224,The Shadow
1225,Extremely Loud & Incredibly Close
1226,Morning Glory
1227,Get Rich or Die Tryin'
1228,The Art of War
1229,Rent
1230,Bless the Child
1231,The Out-of-Towners
1232,The Island of Dr. Moreau
1233,The Musketeer
1234,The Other Boleyn Girl
1235,Sweet November
1236,The Reaping
1237,Mean Streets
1238,Renaissance Man
1239,Colombiana
1240,Quest for Camelot
1241,City By The Sea
1242,At First Sight
1243,Torque
1244,City Hall
1245,Showgirls
1246,Marie Antoinette
1247,Kiss of Death
1248,Get Carter
1249,Lo imposible
1250,Ishtar
1251,Fantastic Mr. Fox
1252,Life or Something Like It
1253,Memoirs of an Invisible Man
1254,Le fabuleux destin d'Amélie Poulain
1255,New York Minute
1256,Alfie
1257,Big Miracle
1258,The Deep End of the Ocean
1259,FearDotCom
1260,Cirque du Freak: The Vampire's Assistant
1261,Duplex
1262,Soul Men
1263,Raise the Titanic
1264,Universal Soldier: The Return
1265,Pandorum
1266,Impostor
1267,Extreme Ops
1268,Just Visiting
1269,Sunshine
1270,A Thousand Words
1271,Delgo
1272,The Gunman
1273,Stormbreaker
1274,Disturbia
1275,Hackers
1276,The Hunting Party
1277,The Hudsucker Proxy
1278,Nomad
1279,Snowpiercer
1280,Un monstre à Paris
1281,The Last Shot
1282,The Crow
1283,Baahubali: The Beginning
1284,The Time Traveler's Wife
1285,Because I Said So
1286,Frankenweenie
1287,Serenity
1288,Against the Ropes
1289,Superman III
1290,Grudge Match
1291,Chi bi
1292,Sweet Home Alabama
1293,The Ugly Truth
1294,Sgt. Bilko
1295,Spy Kids 2: The Island of Lost Dreams
1296,Star Trek: Generations
1297,Water for Elephants
1298,Dragon Nest: Warriors' Dawn
1299,The Hurricane
1300,Enough
1301,Heartbreakers
1302,Paul Blart: Mall Cop 2
1303,Angel Eyes
1304,Joe Somebody
1305,The Ninth Gate
1306,Extreme Measures
1307,Rock Star
1308,Precious
1309,White Squall
1310,The Thing
1311,Riddick
1312,Switchback
1313,Texas Rangers
1314,City of Ember
1315,The Master
1316,Virgin Territory
1317,The Express
1318,The 5th Wave
1319,Creed
1320,The Town
1321,What to Expect When You're Expecting
1322,Burn After Reading
1323,Nim's Island
1324,Rush
1325,Magnolia
1326,Cop Out
1327,How to Be Single
1328,Dolphin Tale
1329,Twilight
1330,John Q
1331,Blue Streak
1332,We're the Millers
1333,Obitaemyy Ostrov
1334,Breakdown
1335,Never Say Never Again
1336,Hot Tub Time Machine
1337,Dolphin Tale 2
1338,Reindeer Games
1339,A Man Apart
1340,Aloha
1341,Ghosts of Mississippi
1342,Snow Falling on Cedars
1343,The Rite
1344,Gattaca
1345,Isn't She Great
1346,Space Chimps
1347,Head of State
1348,The Hangover
1349,Austin Powers: The Spy Who Shagged Me
1350,Batman
1351,There Be Dragons
1352,Lethal Weapon 3
1353,The Blind Side
1354,Spy Kids
1355,Horrible Bosses
1356,True Grit
1357,The Devil Wears Prada
1358,Star Trek: The Motion Picture
1359,Identity Thief
1360,Cape Fear
1361,21
1362,Trainwreck
1363,Guess Who
1364,The English Patient
1365,L.A. Confidential
1366,Sky High
1367,In & Out
1368,Species
1369,A Nightmare on Elm Street
1370,The Cell
1371,The Man in the Iron Mask
1372,Secretariat
1373,TMNT
1374,Radio
1375,Friends with Benefits
1376,Neighbors 2: Sorority Rising
1377,Saving Mr. Banks
1378,Malcolm X
1379,This Is 40
1380,Old Dogs
1381,Underworld: Rise of the Lycans
1382,License to Wed
1383,The Benchwarmers
1384,Must Love Dogs
1385,Donnie Brasco
1386,Resident Evil
1387,Poltergeist
1388,The Ladykillers
1389,Max Payne
1390,In Time
1391,The Back-Up Plan
1392,Something Borrowed
1393,Black Knight
1394,The Bad News Bears
1395,Street Fighter
1396,The Pianist
1397,The Nativity Story
1398,House of Wax
1399,Closer
1400,J. Edgar
1401,Mirrors
1402,Queen of the Damned
1403,Predator 2
1404,Untraceable
1405,Blast from the Past
1406,Flash Gordon
1407,Jersey Girl
1408,Alex Cross
1409,Midnight in the Garden of Good and Evil
1410,Heist
1411,Nanny McPhee and the Big Bang
1412,Hoffa
1413,The X Files: I Want to Believe
1414,Ella Enchanted
1415,Concussion
1416,Abduction
1417,Valiant
1418,Wonder Boys
1419,Superhero Movie
1420,Broken City
1421,Cursed
1422,Premium Rush
1423,Hot Pursuit
1424,The Four Feathers
1425,Parker
1426,Wimbledon
1427,Furry Vengeance
1428,Bait
1429,Krull
1430,Lions for Lambs
1431,Flight of the Intruder
1432,Walk Hard: The Dewey Cox Story
1433,The Shipping News
1434,American Outlaws
1435,The Young Victoria
1436,Whiteout
1437,The Tree of Life
1438,Knock Off
1439,Sabotage
1440,The Order
1441,Punisher: War Zone
1442,Zoom
1443,The Walk
1444,Warriors of Virtue
1445,A Good Year
1446,Radio Flyer
1447,Bound by Honor
1448,Smilla's Sense of Snow
1449,Femme Fatale
1450,Lion of the Desert
1451,Le Hussard sur le toit
1452,Ride with the Devil
1453,Biutiful
1454,Bandidas
1455,Black Water Transit
1456,The Maze Runner
1457,Unfinished Business
1458,The Age of Innocence
1459,The Fountain
1460,Chill Factor
1461,Stolen
1462,The Longest Ride
1463,The Astronaut's Wife
1464,I Dreamed of Africa
1465,Playing for Keeps
1466,Mandela: Long Walk to Freedom
1467,Reds
1468,A Few Good Men
1469,Exit Wounds
1470,Big Momma's House
1471,The House of Magic
1472,The Darkest Hour
1473,Step Up Revolution
1474,Snakes on a Plane
1475,The Watcher
1476,The Punisher
1477,Goal!: The Dream Begins
1478,Safe
1479,Pushing Tin
1480,Return of the Jedi
1481,Doomsday
1482,The Reader
1483,Wanderlust
1484,Elf
1485,Phenomenon
1486,Snow Dogs
1487,Scrooged
1488,Nacho Libre
1489,Bridesmaids
1490,This Is the End
1491,Stigmata
1492,Men of Honor
1493,Takers
1494,The Big Wedding
1495,"Big Mommas: Like Father, Like Son"
1496,Source Code
1497,Alive
1498,The Number 23
1499,The Young and Prodigious T.S. Spivet
1500,1941
1501,Dreamer: Inspired By a True Story
1502,A History of Violence
1503,Transporter 2
1504,The Quick and the Dead
1505,Laws of Attraction
1506,Bringing Out the Dead
1507,Repo Men
1508,Bogus
1509,The Incredible Burt Wonderstone
1510,Cats Don't Dance
1511,Cradle Will Rock
1512,The Good German
1513,George and the Dragon
1514,Apocalypse Now
1515,Going the Distance
1516,Mr. Holland's Opus
1517,Criminal
1518,Out of Africa
1519,Flight
1520,Moonraker
1521,The Grand Budapest Hotel
1522,Hearts in Atlantis
1523,Arachnophobia
1524,Frequency
1525,Vacation
1526,Get Shorty
1527,Chicago
1528,Big Daddy
1529,American Pie 2
1530,Toy Story
1531,Speed
1532,The Vow
1533,Extraordinary Measures
1534,Remember the Titans
1535,The Hunt for Red October
1536,The Butler
1537,DodgeBall: A True Underdog Story
1538,The Addams Family
1539,Ace Ventura: When Nature Calls
1540,The Princess Diaries
1541,The First Wives Club
1542,Se7en
1543,District 9
1544,The SpongeBob SquarePants Movie
1545,Mystic River
1546,Million Dollar Baby
1547,Analyze This
1548,The Notebook
1549,27 Dresses
1550,Hannah Montana: The Movie
1551,Rugrats in Paris: The Movie
1552,The Prince of Tides
1553,Legends of the Fall
1554,Up in the Air
1555,About Schmidt
1556,Warm Bodies
1557,Looper
1558,Down to Earth
1559,Babe
1560,Hope Springs
1561,Forgetting Sarah Marshall
1562,Four Brothers
1563,Baby Mama
1564,Hope Floats
1565,Bride Wars
1566,Without a Paddle
1567,13 Going on 30
1568,Midnight in Paris
1569,The Nut Job
1570,Blow
1571,Message in a Bottle
1572,Star Trek V: The Final Frontier
1573,Like Mike
1574,The Naked Gun 33⅓: The Final Insult
1575,A View to a Kill
1576,The Curse of the Were-Rabbit
1577,P.S. I Love You
1578,Racing Stripes
1579,Atonement
1580,Letters to Juliet
1581,Black Rain
1582,The Three Stooges
1583,Corpse Bride
1584,Glory Road
1585,Sicario
1586,Southpaw
1587,Drag Me to Hell
1588,The Age of Adaline
1589,Secondhand Lions
1590,Step Up 3D
1591,Blue Crush
1592,Stranger Than Fiction
1593,30 Days of Night
1594,The Cabin in the Woods
1595,Meet the Spartans
1596,Midnight Run
1597,The Running Man
1598,Little Shop of Horrors
1599,Hanna
1600,Mortal Kombat: Annihilation
1601,Larry Crowne
1602,Carrie
1603,Take the Lead
1604,Gridiron Gang
1605,What's the Worst That Could Happen?
1606,9
1607,Side Effects
1608,The Prince & Me
1609,Winnie the Pooh
1610,Dumb and Dumberer: When Harry Met Lloyd
1611,Bulworth
1612,Get on Up
1613,One True Thing
1614,Virtuosity
1615,My Super Ex-Girlfriend
1616,Deliver Us from Evil
1617,Sanctum
1618,Little Black Book
1619,The Five-Year Engagement
1620,Mr. 3000
1621,The Next Three Days
1622,Ultraviolet
1623,Assault on Precinct 13
1624,The Replacement Killers
1625,Fled
1626,Eight Legged Freaks
1627,Love & Other Drugs
1628,88 Minutes
1629,North Country
1630,The Whole Ten Yards
1631,Splice
1632,Howard the Duck
1633,Pride and Glory
1634,The Cave
1635,Alex & Emma
1636,Wicker Park
1637,Fright Night
1638,The New World
1639,Wing Commander
1640,In Dreams
1641,Dragonball Evolution
1642,The Last Stand
1643,Godsend
1644,Chasing Liberty
1645,Hoodwinked Too! Hood VS. Evil
1646,An Unfinished Life
1647,The Imaginarium of Doctor Parnassus
1648,Barney's Version
1649,Runner Runner
1650,Antitrust
1651,Glory
1652,Once Upon a Time in America
1653,Dead Man Down
1654,The Merchant of Venice
1655,The Good Thief
1656,Supercross
1657,Miss Potter
1658,Wu Ji
1659,DOA: Dead or Alive
1660,The Assassination of Jesse James by the Coward Robert Ford
1661,Le petit Nicolas
1662,Wild Card
1663,Machine Gun Preacher
1664,Konferenz der Tiere
1665,Goodbye Bafana
1666,United Passions
1667,Grace of Monaco
1668,Савва. Сердце воина
1669,Ripley's Game
1670,Sausage Party
1671,Pitch Perfect 2
1672,Walk the Line
1673,Keeping the Faith
1674,The Borrowers
1675,Frost/Nixon
1676,Confessions of a Dangerous Mind
1677,Serving Sara
1678,The Boss
1679,Cry Freedom
1680,Mumford
1681,Seed of Chucky
1682,The Jacket
1683,Aladdin
1684,Straight Outta Compton
1685,Indiana Jones and the Temple of Doom
1686,The Rugrats Movie
1687,Along Came a Spider
1688,Florence Foster Jenkins
1689,Once Upon a Time in Mexico
1690,Die Hard
1691,Role Models
1692,The Big Short
1693,Taking Woodstock
1694,Miracle
1695,Dawn of the Dead
1696,The Wedding Planner
1697,The Royal Tenenbaums
1698,Identity
1699,Last Vegas
1700,For Your Eyes Only
1701,Serendipity
1702,Timecop
1703,Zoolander
1704,Safe Haven
1705,Hocus Pocus
1706,No Reservations
1707,Kick-Ass
1708,30 Minutes or Less
1709,Dracula 2000
1710,"Alexander and the Terrible, Horrible, No Good, Very Bad Day"
1711,Pride & Prejudice
1712,Blade Runner
1713,Rob Roy
1714,3 Days to Kill
1715,We Own the Night
1716,Lost Souls
1717,Le peuple migrateur
1718,Just My Luck
1719,"Mystery, Alaska"
1720,The Spy Next Door
1721,A Simple Wish
1722,Ghosts of Mars
1723,Our Brand Is Crisis
1724,Pride and Prejudice and Zombies
1725,Kundun
1726,How to Lose Friends & Alienate People
1727,Kick-Ass 2
1728,Alatriste
1729,Brick Mansions
1730,Octopussy
1731,Knocked Up
1732,My Sister's Keeper
1733,Welcome Home Roscoe Jenkins
1734,A Passage to India
1735,Notes on a Scandal
1736,Rendition
1737,Star Trek VI: The Undiscovered Country
1738,Divine Secrets of the Ya-Ya Sisterhood
1739,Kiss the Girls
1740,The Blues Brothers
1741,The Sisterhood of the Traveling Pants 2
1742,Joyful Noise
1743,About a Boy
1744,Lake Placid
1745,Lucky Number Slevin
1746,The Right Stuff
1747,Anonymous
1748,The Neverending Story
1749,Dark City
1750,The Duchess
1751,Return to Oz
1752,The Newton Boys
1753,Case 39
1754,Suspect Zero
1755,Martian Child
1756,Spy Kids: All the Time in the World
1757,Money Monster
1758,The 51st State
1759,Flawless
1760,Mindhunters
1761,What Just Happened
1762,The Statement
1763,The Magic Flute
1764,Paul Blart: Mall Cop
1765,Freaky Friday
1766,The 40 Year Old Virgin
1767,Shakespeare in Love
1768,A Walk Among the Tombstones
1769,Kindergarten Cop
1770,Pineapple Express
1771,EverAfter
1772,Open Range
1773,Flatliners
1774,A Bridge Too Far
1775,Red Eye
1776,Final Destination 2
1777,"O Brother, Where Art Thou?"
1778,Legion
1779,Pain & Gain
1780,In Good Company
1781,Clockstoppers
1782,Silverado
1783,Brothers
1784,Agent Cody Banks 2: Destination London
1785,New Year's Eve
1786,Original Sin
1787,The Raven
1788,Welcome to Mooseport
1789,Highlander III: The Sorcerer
1790,Blood and Wine
1791,Snow White: A Tale of Terror
1792,The Curse of the Jade Scorpion
1793,Accidental Love
1794,Flipper
1795,Self/less
1796,The Constant Gardener
1797,The Passion of the Christ
1798,Mrs. Doubtfire
1799,Rain Man
1800,Gran Torino
1801,Taken
1802,The Best of Me
1803,The Bodyguard
1804,Schindler's List
1805,The Help
1806,The Fifth Estate
1807,Scooby-Doo 2: Monsters Unleashed
1808,Viy
1809,Freddy vs. Jason
1810,The Face of an Angel
1811,Jimmy Neutron: Boy Genius
1812,Cloverfield
1813,Teenage Mutant Ninja Turtles II: The Secret of the Ooze
1814,The Untouchables
1815,No Country for Old Men
1816,Ride Along
1817,Bridget Jones's Diary
1818,Chocolat
1819,"Legally Blonde 2: Red, White & Blonde"
1820,Parental Guidance
1821,No Strings Attached
1822,Tombstone
1823,Romeo Must Die
1824,The Omen
1825,Final Destination 3
1826,The Lucky One
1827,Bridge to Terabithia
1828,Finding Neverland
1829,A Madea Christmas
1830,The Grey
1831,Hide and Seek
1832,Anchorman: The Legend of Ron Burgundy
1833,GoodFellas
1834,Agent Cody Banks
1835,Nanny McPhee
1836,Scarface
1837,Nothing to Lose
1838,The Last Emperor
1839,Contraband
1840,Money Talks
1841,There Will Be Blood
1842,The Wild Thornberrys Movie
1843,Rugrats Go Wild
1844,Undercover Brother
1845,The Sisterhood of the Traveling Pants
1846,Kiss of the Dragon
1847,The House Bunny
1848,Beauty Shop
1849,Million Dollar Arm
1850,The Giver
1851,What a Girl Wants
1852,Jeepers Creepers 2
1853,Good Luck Chuck
1854,Cradle 2 the Grave
1855,The Hours
1856,She's the Man
1857,Mr. Bean's Holiday
1858,Anacondas: The Hunt for the Blood Orchid
1859,Blood Ties
1860,August Rush
1861,Elizabeth
1862,Bride of Chucky
1863,Tora! Tora! Tora!
1864,Spice World
1865,The Sitter
1866,Dance Flick
1867,The Shawshank Redemption
1868,Crocodile Dundee in Los Angeles
1869,Kingpin
1870,The Gambler
1871,August: Osage County
1872,Ice Princess
1873,A Lot Like Love
1874,Eddie the Eagle
1875,He Got Game
1876,Don Juan DeMarco
1877,Dear John
1878,The Losers
1879,Don't Be Afraid of the Dark
1880,War
1881,Punch-Drunk Love
1882,EuroTrip
1883,Half Past Dead
1884,Unaccompanied Minors
1885,"Bright Lights, Big City"
1886,The Adventures of Pinocchio
1887,The Greatest Game Ever Played
1888,The Box
1889,The Ruins
1890,The Next Best Thing
1891,My Soul to Take
1892,The Girl Next Door
1893,Maximum Risk
1894,Stealing Harvard
1895,Legend
1896,Hot Rod
1897,Shark Night
1898,Angela's Ashes
1899,Draft Day
1900,Lifeforce
1901,The Conspirator
1902,Lords of Dogtown
1903,The 33
1904,Big Trouble in Little China
1905,Un Plan parfait
1906,Warrior
1907,Michael Collins
1908,Gettysburg
1909,Stop-Loss
1910,Abandon
1911,Brokedown Palace
1912,The Possession
1913,Mrs. Winterbourne
1914,Straw Dogs
1915,The Hoax
1916,Stone Cold
1917,The Road
1918,Sheena
1919,Underclassman
1920,Say It Isn't So
1921,The World's Fastest Indian
1922,Tank Girl
1923,King's Ransom
1924,Blindness
1925,BloodRayne
1926,Carnage
1927,Where the Truth Lies
1928,Cirque du Soleil: Worlds Away
1929,Without Limits
1930,Me and Orson Welles
1931,La migliore offerta
1932,The Bad Lieutenant: Port of Call - New Orleans
1933,Sammy's avonturen: De geheime doorgang
1934,Les petits mouchoirs
1935,Love Ranch
1936,La véritable histoire du Chat Botté
1937,Белка и Стрелка. Звёздные собаки
1938,The Counselor
1939,Ironclad
1940,Waterloo
1941,Red Sky
1942,Dangerous Liaisons
1943,On the Road
1944,Star Trek IV: The Voyage Home
1945,Rocky Balboa
1946,Scream 2
1947,Jane Got a Gun
1948,Think Like a Man Too
1949,The Whole Nine Yards
1950,Footloose
1951,Old School
1952,The Fisher King
1953,I Still Know What You Did Last Summer
1954,Return to Me
1955,Zack and Miri Make a Porno
1956,Nurse Betty
1957,The Men Who Stare at Goats
1958,Double Take
1959,"Girl, Interrupted"
1960,Win a Date with Tad Hamilton!
1961,Muppets from Space
1962,The Wiz
1963,Ready to Rumble
1964,Play It to the Bone
1965,I Don't Know How She Does It
1966,Piranha 3D
1967,Beyond the Sea
1968,Meet the Deedles
1969,The Thief and the Cobbler
1970,The Bridge of San Luis Rey
1971,Faster
1972,Zombieland
1973,The Waterboy
1974,The Empire Strikes Back
1975,Bad Boys
1976,The Naked Gun 2½: The Smell of Fear
1977,Final Destination
1978,The Ides of March
1979,Pitch Black
1980,Someone Like You...
1981,Her
1982,Joy Ride
1983,The Adventurer: The Curse of the Midas Box
1984,Anywhere But Here
1985,The Crew
1986,Haywire
1987,Jaws: The Revenge
1988,Marvin's Room
1989,The Longshots
1990,The End of the Affair
1991,Harley Davidson and the Marlboro Man
1992,In the Valley of Elah
1993,Coco avant Chanel
1994,Forsaken
1995,Chéri
1996,Vanity Fair
1997,1408
1998,Spaceballs
1999,The Water Diviner
2000,Ghost
2001,There's Something About Mary
2002,The Santa Clause
2003,The Rookie
2004,The Game Plan
2005,The Bridges of Madison County
2006,The Animal
2007,Gandhi
2008,The Hundred-Foot Journey
2009,The Net
2010,I Am Sam
2011,Son of God
2012,Underworld
2013,Derailed
2014,The Informant!
2015,Shadowlands
2016,Deuce Bigalow: European Gigolo
2017,Delivery Man
2018,Our Kind of Traitor
2019,Saving Silverman
2020,Diary of a Wimpy Kid: Dog Days
2021,Summer of Sam
2022,Jay and Silent Bob Strike Back
2023,The Glass House
2024,"Hail, Caesar!"
2025,Josie and the Pussycats
2026,Homefront
2027,The Little Vampire
2028,I Heart Huckabees
2029,RoboCop 3
2030,Megiddo: The Omega Code 2
2031,Darling Lili
2032,Dudley Do-Right
2033,The Transporter Refueled
2034,The Libertine
2035,Zwartboek
2036,Joyeux Noël
2037,Hit & Run
2038,Mad Money
2039,Before I Go to Sleep
2040,Sorcerer
2041,Stone
2042,Molière
2043,Out of the Furnace
2044,Michael Clayton
2045,My Fellow Americans
2046,Arlington Road
2047,Metegol
2048,To Rome with Love
2049,Firefox
2050,"South Park: Bigger, Longer & Uncut"
2051,Death at a Funeral
2052,Teenage Mutant Ninja Turtles III
2053,Hardball
2054,Silver Linings Playbook
2055,Freedom Writers
2056,For Colored Girls
2057,The Transporter
2058,Never Back Down
2059,The Rage: Carrie 2
2060,Away We Go
2061,Swing Vote
2062,Moonlight Mile
2063,Tinker Tailor Soldier Spy
2064,Molly
2065,The Beaver
2066,The Best Little Whorehouse in Texas
2067,eXistenZ
2068,Raiders of the Lost Ark
2069,Home Alone 2: Lost in New York
2070,Close Encounters of the Third Kind
2071,Pulse
2072,Beverly Hills Cop II
2073,Bringing Down the House
2074,The Silence of the Lambs
2075,Wayne's World
2076,Jackass 3D
2077,Jaws 2
2078,Beverly Hills Chihuahua
2079,The Conjuring
2080,Are We There Yet?
2081,Tammy
2082,School of Rock
2083,Mortal Kombat
2084,White Chicks
2085,The Descendants
2086,Holes
2087,The Last Song
2088,12 Years a Slave
2089,Drumline
2090,Why Did I Get Married Too?
2091,Edward Scissorhands
2092,Me Before You
2093,Madea's Witness Protection
2094,The French Connection
2095,Bad Moms
2096,Date Movie
2097,Return to Never Land
2098,Selma
2099,The Jungle Book 2
2100,Boogeyman
2101,Premonition
2102,The Tigger Movie
2103,Orphan
2104,Max
2105,Epic Movie
2106,Spotlight
2107,Lakeview Terrace
2108,The Grudge 2
2109,How Stella Got Her Groove Back
2110,Bill & Ted's Bogus Journey
2111,Man of the Year
2112,The Black Hole
2113,The American
2114,Selena
2115,Vampires Suck
2116,Babel
2117,This Is Where I Leave You
2118,Doubt
2119,Team America: World Police
2120,Texas Chainsaw 3D
2121,Copycat
2122,Scary Movie 5
2123,Paint Your Wagon
2124,Milk
2125,Risen
2126,Ghost Ship
2127,A Very Harold & Kumar Christmas
2128,Wild Things
2129,The Stepfather
2130,The Debt
2131,High Fidelity
2132,One Missed Call
2133,Eye for an Eye
2134,The Bank Job
2135,Eternal Sunshine of the Spotless Mind
2136,You Again
2137,Street Kings
2138,The World's End
2139,Nancy Drew
2140,Daybreakers
2141,She's Out of My League
2142,Monte Carlo
2143,Stay Alive
2144,Quigley Down Under
2145,Alpha and Omega
2146,The Covenant
2147,Stick It
2148,Shorts
2149,To Die For
2150,Nerve
2151,Appaloosa
2152,Vampires
2153,Psycho
2154,My Best Friend's Girl
2155,Endless Love
2156,Georgia Rule
2157,Under the Rainbow
2158,Ladyhawke
2159,Simon Birch
2160,Reign Over Me
2161,Into the Wild
2162,School for Scoundrels
2163,Silent Hill: Revelation 3D
2164,From Dusk Till Dawn
2165,Pooh's Heffalump Movie
2166,Home for the Holidays
2167,The Country Bears
2168,The Kite Runner
2169,21 Grams
2170,Paparazzi
2171,A Guy Thing
2172,Loser
2173,Capitalism: A Love Story
2174,The Greatest Story Ever Told
2175,Secret in Their Eyes
2176,Disaster Movie
2177,Armored
2178,The Man Who Knew Too Little
2179,What's Your Number?
2180,Lockout
2181,Envy
2182,Crank: High Voltage
2183,Bullets Over Broadway
2184,One Night with the King
2185,The Quiet American
2186,The Weather Man
2187,Undisputed
2188,Ghost Town
2189,12 Rounds
2190,Let Me In
2191,3 Ninjas Kick Back
2192,Be Kind Rewind
2193,Mrs Henderson Presents
2194,Triple 9
2195,Deconstructing Harry
2196,Three to Tango
2197,Burnt
2198,We're No Angels
2199,Everyone Says I Love You
2200,Death Sentence
2201,Everybody's Fine
2202,Superbabies: Baby Geniuses 2
2203,The Man
2204,Code Name: The Cleaner
2205,Connie and Carla
2206,Sweet Charity
2207,Inherent Vice
2208,Doogal
2209,Battle of the Year
2210,An American Carol
2211,Machete Kills
2212,Willard
2213,Strange Wilderness
2214,Topsy-Turvy
2215,Little Boy
2216,A Dangerous Method
2217,A Scanner Darkly
2218,Chasing Mavericks
2219,Alone in the Dark
2220,Bandslam
2221,Birth
2222,A Most Violent Year
2223,Passchendaele
2224,Flash of Genius
2225,I'm Not There.
2226,The Cold Light of Day
2227,The Brothers Bloom
2228,"Synecdoche, New York"
2229,Bon voyage
2230,Can't Stop the Music
2231,The Proposition
2232,My All American
2233,Marci X
2234,Equilibrium
2235,The Yards
2236,The Oogieloves in the Big Balloon Adventure
2237,By the Sea
2238,Steamboy
2239,The Game of Their Lives
2240,All Good Things
2241,Rapa Nui
2242,Les Visiteurs 2 : Les Couloirs du temps
2243,Dylan Dog: Dead of Night
2244,People I Know
2245,The Tempest
2246,Regression
2247,Butterfly on a Wheel
2248,Zambezia
2249,Dwegons
2250,Hands of Stone
2251,Survivor
2252,The Frozen Ground
2253,The Painted Veil
2254,Der Baader Meinhof Komplex
2255,Dances with Wolves
2256,Bad Teacher
2257,Sea of Love
2258,A Cinderella Story
2259,Scream
2260,Thir13en Ghosts
2261,The Shining
2262,Back to the Future
2263,House on Haunted Hill
2264,I Can Do Bad All By Myself
2265,Fight Valley
2266,The Switch
2267,Just Married
2268,The Devil's Double
2269,Thomas and the Magic Railroad
2270,The Crazies
2271,The Bounty
2272,The Book Thief
2273,Sex Drive
2274,Leap Year
2275,The Fall of the Roman Empire
2276,Take Me Home Tonight
2277,Won't Back Down
2278,The Nutcracker
2279,Kansas City
2280,Indignation
2281,The Amityville Horror
2282,Adaptation.
2283,Land of the Dead
2284,Fear and Loathing in Las Vegas
2285,The Invention of Lying
2286,Neighbors
2287,The Mask
2288,Big
2289,Borat: Cultural Learnings of America for Make Benefit Glorious Nation of Kazakhstan
2290,Legally Blonde
2291,Star Trek III: The Search for Spock
2292,The Exorcism of Emily Rose
2293,Deuce Bigalow: Male Gigolo
2294,Left Behind
2295,The Family Stone
2296,Barbershop 2:  Back in Business
2297,Bad Santa
2298,Austin Powers: International Man of Mystery
2299,My Big Fat Greek Wedding 2
2300,Diary of a Wimpy Kid: Rodrick Rules
2301,Predator
2302,Amadeus
2303,Prom Night
2304,Mean Girls
2305,Under the Tuscan Sun
2306,Gosford Park
2307,Peggy Sue Got Married
2308,Birdman
2309,Blue Jasmine
2310,United 93
2311,Honey
2312,Spy Hard
2313,The Fog
2314,Soul Surfer
2315,Catch-22
2316,Observe and Report
2317,Conan the Destroyer
2318,Raging Bull
2319,Love Happens
2320,Young Sherlock Holmes
2321,Fame
2322,127 Hours
2323,Small Time Crooks
2324,Center Stage
2325,Love the Coopers
2326,Catch That Kid
2327,Life as a House
2328,Steve Jobs
2329,"I Love You, Beth Cooper"
2330,Youth in Revolt
2331,The Legend of the Lone Ranger
2332,The Tailor of Panama
2333,Blow Out
2334,Getaway
2335,The Ice Storm
2336,And So It Goes
2337,Troop Beverly Hills
2338,Being Julia
2339,Nine 1/2 Weeks
2340,Dragonslayer
2341,The Last Station
2342,Ed Wood
2343,Labor Day
2344,Монгол
2345,RockNRolla
2346,Megaforce
2347,Hamlet
2348,Mao's Last Dancer
2349,Midnight Special
2350,Anything Else
2351,The Railway Man
2352,Das weisse Band
2353,Restoration
2354,The Wraith
2355,Salton Sea
2356,Metallica: Through the Never
2357,The Informers
2358,Carlos
2359,I Come with the Rain
2360,One Man's Hero
2361,Day of the Dead
2362,I Am Wrath
2363,Renaissance
2364,Red Sonja
2365,Red Lights
2366,Superbad
2367,Madea Goes to Jail
2368,Wolves
2369,Step Up 2: The Streets
2370,Hoodwinked!
2371,Hotel Rwanda
2372,Hitman
2373,Black Nativity
2374,The Prince
2375,City of Ghosts
2376,The Others
2377,Aliens
2378,My Fair Lady
2379,I Know What You Did Last Summer
2380,Let's Be Cops
2381,Sideways
2382,Beerfest
2383,Halloween
2384,Good Boy!
2385,The Best Man Holiday
2386,Smokin' Aces
2387,Saw 3D
2388,40 Days and 40 Nights
2389,A Night at the Roxbury
2390,Beastly
2391,The Hills Have Eyes
2392,Dickie Roberts: Former Child Star
2393,"McFarland, USA"
2394,Lottery Ticket
2395,ATL
2396,Pitch Perfect
2397,Summer Catch
2398,A Simple Plan
2399,They
2400,Larry the Cable Guy: Health Inspector
2401,The Adventures of Elmo in Grouchland
2402,Brooklyn's Finest
2403,55 Days at Peking
2404,Evil Dead
2405,My Life in Ruins
2406,American Dreamz
2407,Superman IV: The Quest for Peace
2408,How She Move
2409,Running Scared
2410,Bobby Jones: Stroke of Genius
2411,Shanghai Surprise
2412,The Illusionist
2413,Roar
2414,Veronica Guerin
2415,Escobar: Paradise Lost
2416,Southland Tales
2417,Chasseurs de dragons
2418,Damnation Alley
2419,The Apparition
2420,My Girl
2421,Fur: An Imaginary Portrait of Diane Arbus
2422,Wall Street
2423,Sense and Sensibility
2424,Becoming Jane
2425,Sydney White
2426,House of Sand and Fog
2427,Dead Poets Society
2428,Dumb and Dumber
2429,When Harry Met Sally...
2430,The Verdict
2431,Road Trip
2432,Varsity Blues
2433,The Artist
2434,The Unborn
2435,Moonrise Kingdom
2436,The Texas Chainsaw Massacre: The Beginning
2437,The Young Messiah
2438,The Master of Disguise
2439,El laberinto del fauno
2440,See Spot Run
2441,Baby Boy
2442,The Roommate
2443,Joe Dirt
2444,Double Impact
2445,Hot Fuzz
2446,The Women
2447,Vicky Cristina Barcelona
2448,Arn: Tempelriddaren
2449,Boys and Girls
2450,White Oleander
2451,Jennifer's Body
2452,Drowning Mona
2453,Radio Days
2454,Remember Me
2455,How to Deal
2456,My Stepmother is an Alien
2457,Philadelphia
2458,The Thirteenth Floor
2459,The Cookout
2460,Meteor
2461,Duets
2462,Hollywood Ending
2463,Detroit Rock City
2464,Highlander
2465,Things We Lost in the Fire
2466,Steel
2467,The Immigrant
2468,The White Countess
2469,Trance
2470,Soul Plane
2471,Bienvenue chez les ch'tis
2472,Good
2473,Enter the Void
2474,Vamps
2475,Hachi: A Dog's Tale
2476,Zulu
2477,The Homesman
2478,Juwanna Mann
2479,Ararat
2480,Madison
2481,Slow Burn
2482,Wasabi
2483,Slither
2484,Beverly Hills Cop
2485,Home Alone
2486,Three Men and a Baby
2487,Tootsie
2488,Top Gun
2489,American Beauty
2490,The King's Speech
2491,Twins
2492,The Yellow Handkerchief
2493,The Color Purple
2494,The Imitation Game
2495,Private Benjamin
2496,Coal Miner's Daughter
2497,Diary of a Wimpy Kid
2498,Mama
2499,National Lampoon's Vacation
2500,Jackass Presents: Bad Grandpa
2501,The Queen
2502,Beetlejuice
2503,Why Did I Get Married?
2504,Little Women
2505,The Woman in Black
2506,When a Stranger Calls
2507,Big Fat Liar
2508,The Deer Hunter
2509,Wag the Dog
2510,The Lizzie McGuire Movie
2511,Snitch
2512,Krampus
2513,The Faculty
2514,What's Love Got to Do with It
2515,Cop Land
2516,Not Another Teen Movie
2517,End of Watch
2518,The Skulls
2519,The Theory of Everything
2520,Malibu's Most Wanted
2521,Where the Heart Is
2522,Lawrence of Arabia
2523,Halloween II
2524,Wild
2525,The Last House on the Left
2526,The Wedding Date
2527,Halloween: Resurrection
2528,The Princess Bride
2529,The Great Debaters
2530,Drive
2531,Confessions of a Teenage Drama Queen
2532,The Object of My Affection
2533,28 Weeks Later
2534,When the Game Stands Tall
2535,Because of Winn-Dixie
2536,Love & Basketball
2537,Grosse Pointe Blank
2538,All About Steve
2539,Book of Shadows: Blair Witch 2
2540,The Craft
2541,Match Point
2542,Ramona and Beezus
2543,The Remains of the Day
2544,Boogie Nights
2545,Nowhere to Run
2546,Flicka
2547,The Hills Have Eyes II
2548,Urban Legends: Final Cut
2549,Tuck Everlasting
2550,The Marine
2551,Keanu
2552,Country Strong
2553,Disturbing Behavior
2554,The Place Beyond the Pines
2555,The November Man
2556,Eye of the Beholder
2557,The Hurt Locker
2558,Firestarter
2559,Killing Them Softly
2560,A Most Wanted Man
2561,Freddy Got Fingered
2562,VeggieTales: The Pirates Who Don't Do Anything
2563,U2 3D
2564,Highlander: Endgame
2565,Idlewild
2566,One Day
2567,Whip It
2568,Knockaround Guys
2569,Confidence
2570,The Muse
2571,De-Lovely
2572,New York Stories
2573,Barney's Great Adventure
2574,The Man with the Iron Fists
2575,Home Fries
2576,Here On Earth
2577,Brazil
2578,Raise Your Voice
2579,The Big Lebowski
2580,Black Snake Moan
2581,Dark Blue
2582,A Mighty Heart
2583,Whatever It Takes
2584,Boat Trip
2585,The Importance of Being Earnest
2586,The Love Letter
2587,Hoot
2588,In Bruges
2589,Peeples
2590,The Rocker
2591,Post Grad
2592,Promised Land
2593,Whatever Works
2594,The In Crowd
2595,The Three Burials of Melquiades Estrada
2596,Jakob the Liar
2597,Kiss Kiss Bang Bang
2598,Idle Hands
2599,Mulholland Drive
2600,Blood and Chocolate
2601,You Will Meet a Tall Dark Stranger
2602,Never Let Me Go
2603,The Company
2604,Transsiberian
2605,The Clan of the Cave Bear
2606,Crazy in Alabama
2607,Funny Games
2608,Listening
2609,Felicia's Journey
2610,Metropolis
2611,Banlieue 13
2612,Things to Do in Denver When You're Dead
2613,Buffalo Soldiers
2614,Возвращение
2615,Ong Bak 2
2616,Centurion
2617,Silent Trigger
2618,The Midnight Meat Train
2619,Winnie Mandela
2620,The Son of No One
2621,All The Queen's Men
2622,The Good Night
2623,Bathory
2624,Khumba
2625,Autómata
2626,Dungeons & Dragons: Wrath of the Dragon God
2627,Chiamatemi Francesco - Il Papa della gente
2628,Pandaemonium
2629,Groundhog Day
2630,Magic Mike XXL
2631,Romeo + Juliet
2632,Elle s'appelait Sarah
2633,Freedom
2634,Unforgiven
2635,Manderlay
2636,Slumdog Millionaire
2637,Fatal Attraction
2638,Pretty Woman
2639,Crocodile Dundee II
2640,Broken Horses
2641,Born on the Fourth of July
2642,Cool Runnings
2643,My Bloody Valentine
2644,Stomp the Yard
2645,The Spy Who Loved Me
2646,Urban Legend
2647,Good Deeds
2648,White Fang
2649,Superstar
2650,The Iron Lady
2651,Jonah: A VeggieTales Movie
2652,Poetic Justice
2653,All About the Benjamins
2654,Vampire in Brooklyn
2655,Exorcist II: The Heretic
2656,An American Haunting
2657,My Boss's Daughter
2658,A Perfect Getaway
2659,Our Family Wedding
2660,Dead Man on Campus
2661,Tea with Mussolini
2662,Thinner
2663,"New York, New York"
2664,Crooklyn
2665,I Think I Love My Wife
2666,Jason X
2667,Bobby
2668,Head Over Heels
2669,Fun Size
2670,Le scaphandre et le papillon
2671,Little Children
2672,Gossip
2673,A Walk on the Moon
2674,Catch a Fire
2675,Soul Survivors
2676,Jefferson in Paris
2677,Easy Virtue
2678,Caravans
2679,Mr. Turner
2680,Les herbes folles
2681,Amen.
2682,The Lucky Ones
2683,Margaret
2684,Stan Helsing
2685,Flipped
2686,Brokeback Mountain
2687,Clueless
2688,Far from Heaven
2689,Hot Tub Time Machine 2
2690,Quills
2691,Seven Psychopaths
2692,The Caveman's Valentine
2693,Der Untergang
2694,Mar adentro
2695,Under the Skin
2696,"Good Morning, Vietnam"
2697,The Last Godfather
2698,Justin Bieber: Never Say Never
2699,Black Swan
2700,The Godfather: Part II
2701,Save the Last Dance
2702,A Nightmare on Elm Street 4: The Dream Master
2703,Miracles from Heaven
2704,"Dude, Where’s My Car?"
2705,Young Guns
2706,St. Vincent
2707,About Last Night
2708,10 Things I Hate About You
2709,The New Guy
2710,National Lampoon's Loaded Weapon 1
2711,The Shallows
2712,The Butterfly Effect
2713,Snow Day
2714,This Christmas
2715,Baby Geniuses
2716,The Big Hit
2717,Harriet the Spy
2718,Child's Play 2
2719,No Good Deed
2720,The Mist
2721,Ex Machina
2722,Being John Malkovich
2723,Two Can Play That Game
2724,Earth to Echo
2725,Crazy/Beautiful
2726,Letters from Iwo Jima
2727,The Astronaut Farmer
2728,Woo
2729,Room
2730,Dirty Work
2731,Serial Mom
2732,Dick
2733,Light It Up
2734,54
2735,Bubble Boy
2736,Birthday Girl
2737,21 & Over
2738,"Paris, je t'aime"
2739,Resurrecting the Champ
2740,Admission
2741,La veuve de Saint-Pierre
2742,Chloe
2743,Faithful
2744,Find Me Guilty
2745,The Perks of Being a Wallflower
2746,Excessive Force
2747,Infamous
2748,The Claim
2749,The Vatican Tapes
2750,Attack the Block
2751,In the Land of Blood and Honey
2752,The Call
2753,The Crocodile Hunter: Collision Course
2754,I Love You Phillip Morris
2755,La Guerre du feu
2756,Antwone Fisher
2757,The Emperor's Club
2758,True Romance
2759,Womb
2760,Glengarry Glen Ross
2761,The Killer Inside Me
2762,Cat People
2763,Sorority Row
2764,The Prisoner of Zenda
2765,Lars and the Real Girl
2766,The Boy in the Striped Pyjamas
2767,Dancer in the Dark
2768,Oscar and Lucinda
2769,The Funeral
2770,Solitary Man
2771,Machete
2772,Casino Jack
2773,The Land Before Time
2774,The Perfect Game
2775,The Exorcist
2776,Jaws
2777,American Pie
2778,Ernest et Célestine
2779,The Golden Child
2780,Think Like a Man
2781,Barbershop
2782,Star Trek II: The Wrath of Khan
2783,Ace Ventura: Pet Detective
2784,WarGames
2785,Witness
2786,Act of Valor
2787,Step Up
2788,Beavis and Butt-Head Do America
2789,Jackie Brown
2790,Harold & Kumar Escape from Guantanamo Bay
2791,Chronicle
2792,Yentl
2793,Time Bandits
2794,Crossroads
2795,Project X
2796,Patton
2797,One Hour Photo
2798,Quarantine
2799,The Eye
2800,Johnson Family Vacation
2801,How High
2802,The Muppet Christmas Carol
2803,Frida
2804,Katy Perry: Part of Me
2805,The Fault in Our Stars
2806,Rounders
2807,Top Five
2808,Prophecy
2809,Stir of Echoes
2810,Philomena
2811,The Upside of Anger
2812,The Boys from Brazil
2813,Aquamarine
2814,Paper Towns
2815,My Baby's Daddy
2816,Nebraska
2817,Tales from the Crypt: Demon Knight
2818,Max Keeble's Big Move
2819,Young Adult
2820,Crank
2821,How to Be a Player
2822,Living Out Loud
2823,Just Wright
2824,Rachel Getting Married
2825,The Postman Always Rings Twice
2826,Girl with a Pearl Earring
2827,Das Boot
2828,Sorority Boys
2829,About Time
2830,Arbitrage
2831,Project Almanac
2832,Cadillac Records
2833,Screwed
2834,Fortress
2835,For Your Consideration
2836,Celebrity
2837,Running with Scissors
2838,From Justin to Kelly
2839,Girl 6
2840,In the Cut
2841,Two Lovers
2842,Last Orders
2843,The Pursuit of D.B. Cooper
2844,Ravenous
2845,Charlie Bartlett
2846,La grande bellezza
2847,The Dangerous Lives of Altar Boys
2848,Stoker
2849,2046
2850,Married Life
2851,Duma
2852,Ondine
2853,Brother
2854,Welcome to Collinwood
2855,Critical Care
2856,The Life Before Her Eyes
2857,Darling Companion
2858,Trade
2859,Sorstalanság
2860,Breakfast of Champions
2861,Cypher
2862,Space Battleship Yamato
2863,5 Days of War
2864,Triangle
2865,10 Days in a Madhouse
2866,Heaven is for Real
2867,Snatch
2868,Dancin' It's On
2869,Pet Sematary
2870,The Cry of the Owl
2871,Gremlins
2872,Star Wars
2873,Dirty Grandpa
2874,Doctor Zhivago
2875,Trash
2876,High School Musical 3: Senior Year
2877,The Fighter
2878,Jackass Number Two
2879,My Cousin Vinny
2880,If I Stay
2881,Drive Hard
2882,Major League
2883,St. Trinian's
2884,Phone Booth
2885,A Walk to Remember
2886,Dead Man Walking
2887,Cruel Intentions
2888,Saw VI
2889,History of the World: Part I
2890,The Secret Life of Bees
2891,Corky Romano
2892,Raising Cain
2893,F.I.S.T.
2894,Invaders from Mars
2895,Brooklyn
2896,Barry Lyndon
2897,Out Cold
2898,The Ladies Man
2899,Quartet
2900,Tomcats
2901,Frailty
2902,Woman in Gold
2903,Kinsey
2904,Army of Darkness
2905,Slackers
2906,What's Eating Gilbert Grape
2907,The Visual Bible: The Gospel of John
2908,Vera Drake
2909,The Guru
2910,The Perez Family
2911,Inside Llewyn Davis
2912,Return to the Blue Lagoon
2913,The Molly Maguires
2914,Romance & Cigarettes
2915,Copying Beethoven
2916,Brighton Rock
2917,Saw V
2918,Gli intoccabili
2919,LOL
2920,Jindabyne
2921,An Ideal Husband
2922,The Last Days on Mars
2923,Darkness
2924,2001: A Space Odyssey
2925,E.T. the Extra-Terrestrial
2926,In the Land of Women
2927,The Blue Butterfly
2928,There Goes My Baby
2929,Housefull
2930,September Dawn
2931,For Greater Glory - The True Story of Cristiada
2932,La Famille Bélier
2933,Good Will Hunting
2934,Misconduct
2935,Saw III
2936,Stripes
2937,Bring It On
2938,The Purge: Election Year
2939,She's All That
2940,Saw IV
2941,White Noise
2942,Madea's Family Reunion
2943,The Color of Money
2944,The Longest Day
2945,The Mighty Ducks
2946,The Grudge
2947,Happy Gilmore
2948,Jeepers Creepers
2949,Bill & Ted's Excellent Adventure
2950,Oliver!
2951,The Best Exotic Marigold Hotel
2952,Recess: School's Out
2953,Mad Max Beyond Thunderdome
2954,Commando
2955,The Boy
2956,Devil
2957,Friday After Next
2958,Insidious: Chapter 3
2959,The Last Dragon
2960,The Lawnmower Man
2961,Nick and Norah's Infinite Playlist
2962,Dogma
2963,The Banger Sisters
2964,Twilight Zone: The Movie
2965,Road House
2966,A Low Down Dirty Shame
2967,Swimfan
2968,Employee of the Month
2969,Can't Hardly Wait
2970,The Outsiders
2971,Pete's Dragon
2972,The Dead Zone
2973,Sinister 2
2974,Sparkle
2975,Valentine
2976,The Fourth Kind
2977,A Prairie Home Companion
2978,Sugar Hill
2979,Invasion U.S.A.
2980,Roll Bounce
2981,Rushmore
2982,Skyline
2983,The Second Best Exotic Marigold Hotel
2984,Kit Kittredge: An American Girl
2985,The Perfect Man
2986,Mo' Better Blues
2987,Kung Pow: Enter the Fist
2988,Tremors
2989,Wrong Turn
2990,The Long Riders
2991,The Corruptor
2992,Mud
2993,Reno 911!: Miami
2994,One Direction: This Is Us
2995,"The Goods: Live Hard, Sell Hard"
2996,Hey Arnold! The Movie
2997,My Week with Marilyn
2998,The Matador
2999,Love Jones
3000,The Gift
3001,End of the Spear
3002,Get Over It
3003,Office Space
3004,Drop Dead Gorgeous
3005,Big Eyes
3006,Very Bad Things
3007,Sleepover
3008,Body Double
3009,MacGruber
3010,Dirty Pretty Things
3011,Movie 43
3012,Over Her Dead Body
3013,Seeking a Friend for the End of the World
3014,Cedar Rapids
3015,American History X
3016,The Collection
3017,Teacher's Pet
3018,The Red Violin
3019,The Straight Story
3020,Deuces Wild
3021,Bad Words
3022,Run Fatboy Run
3023,Heartbeeps
3024,Black or White
3025,On the Line
3026,Rescue Dawn
3027,Danny Collins
3028,"Jeff, Who Lives at Home"
3029,Io sono l'amore
3030,Atlas Shrugged Part II
3031,Romeo Is Bleeding
3032,The Limey
3033,Crash
3034,The House of Mirth
3035,Malone
3036,Peaceful Warrior
3037,Bucky Larson: Born to Be a Star
3038,Bamboozled
3039,The Forest
3040,Sphinx
3041,While We're Young
3042,A Better Life
3043,Spider
3044,Gun Shy
3045,Nicholas Nickleby
3046,The Iceman
3047,Cecil B. Demented
3048,Killer Joe
3049,The Joneses
3050,Owning Mahowny
3051,The Brothers Solomon
3052,My Blueberry Nights
3053,Illuminata
3054,Swept Away
3055,"War, Inc."
3056,The Brown Bunny
3057,Rien ne va plus
3058,Rosewater
3059,La femme de chambre du Titanic
3060,Coriolanus
3061,Imaginary Heroes
3062,High Heels and Low Lifes
3063,World's Greatest Dad
3064,Severance
3065,Edmond
3066,Welcome to the Rileys
3067,Police Academy: Mission to Moscow
3068,Blood Done Sign My Name
3069,Cinco de Mayo: La Batalla
3070,Elsa & Fred
3071,"An Alan Smithee Film: Burn, Hollywood, Burn"
3072,The Open Road
3073,The Good Guy
3074,Motherhood
3075,Free Style
3076,Strangerland
3077,Janky Promoters
3078,Blonde Ambition
3079,The Oxford Murders
3080,The Reef
3081,Eulogy
3082,White Noise 2: The Light
3083,Beat the World
3084,Fifty Dead Men Walking
3085,Jungle Shuffle
3086,Adam Resurrected
3087,Hross í oss
3088,Hai Marjawaan!
3089,The Devil's Tomb
3090,Partition
3091,Good Intentions
3092,Nurse 3-D
3093,Gunless
3094,Adventureland
3095,The Lost City
3096,Next Friday
3097,American Heist
3098,You Only Live Twice
3099,Plastic
3100,Amour
3101,Poltergeist III
3102,Re-Kill
3103,"It's a Mad, Mad, Mad, Mad World"
3104,Volver
3105,Heavy Metal
3106,Gentlemen Broncos
3107,Richard III
3108,Into the Grizzly Maze
3109,Kites
3110,Melancholia
3111,Red Dog
3112,Jab Tak Hai Jaan
3113,Alien
3114,The Texas Chain Saw Massacre
3115,The Runaways
3116,Fiddler on the Roof
3117,Thunderball
3118,Detention
3119,Mine vaganti
3120,Set It Off
3121,The Best Man
3122,Child's Play
3123,Sicko
3124,The Purge: Anarchy
3125,Down to You
3126,Harold & Kumar Go to White Castle
3127,The Contender
3128,Boiler Room
3129,Trading Places
3130,Black Christmas
3131,Breakin' All the Rules
3132,Henry V
3133,The Savages
3134,Chasing Papi
3135,The Way of the Gun
3136,Igby Goes Down
3137,PCU
3138,The Ultimate Gift
3139,Gracie
3140,Trust the Man
3141,Hamlet 2
3142,Velvet Goldmine
3143,곡성
3144,Glee: The Concert Movie
3145,สุริโยไท
3146,Due occhi diabolici
3147,Barbecue
3148,All or Nothing
3149,Princess Kaiulani
3150,Opal Dream
3151,Flammen & Citronen
3152,Undiscovered
3153,Red Riding: In the Year of Our Lord 1974
3154,La Fille du RER
3155,Veronika Decides to Die
3156,Crocodile Dundee
3157,"Ultramarines: A Warhammer 40,000 Movie"
3158,The I Inside
3159,Beneath Hill 60
3160,Polisse
3161,Awake
3162,Star Wars: Clone Wars (Volume 1)
3163,Skin Trade
3164,The Lost Boys
3165,Crazy Heart
3166,The Rose
3167,Baggage Claim
3168,Barbarella
3169,Håkon Håkonsen
3170,Election
3171,The Namesake
3172,The DUFF
3173,Glitter
3174,The Haunting in Connecticut 2: Ghosts of Georgia
3175,Bright Star
3176,My Name Is Khan
3177,All Is Lost
3178,Limbo
3179,Namastey London
3180,The Wind That Shakes the Barley
3181,Yeh Jawaani Hai Deewani
3182,Quo Vadis
3183,Repo! The Genetic Opera
3184,Kurtlar vadisi - Irak
3185,Pulp Fiction
3186,The Muppet Movie
3187,Nightcrawler
3188,Club Dread
3189,The Sound of Music
3190,Splash
3191,Little Miss Sunshine
3192,Stand by Me
3193,28 Days Later
3194,You Got Served
3195,Escape from Alcatraz
3196,Brown Sugar
3197,A Thin Line Between Love and Hate
3198,Shutter
3199,That Awkward Moment
3200,Modern Problems
3201,Kicks
3202,Much Ado About Nothing
3203,On Her Majesty's Secret Service
3204,New Nightmare
3205,Drive Me Crazy
3206,Akeelah and the Bee
3207,Half Baked
3208,New in Town
3209,American Psycho
3210,The Good Girl
3211,Bon Cop Bad Cop
3212,The Boondock Saints II: All Saints Day
3213,The City of Your Final Destination
3214,Enough Said
3215,Easy A
3216,The Inkwell
3217,Shadow of the Vampire
3218,Prom
3219,The Pallbearer
3220,Held Up
3221,Woman on Top
3222,Howards End
3223,Anomalisa
3224,Another Year
3225,8 femmes
3226,Showdown in Little Tokyo
3227,Clay Pigeons
3228,It's Kind of a Funny Story
3229,Made in Dagenham
3230,And When Did You Last See Your Father?
3231,Prefontaine
3232,The Wicked Lady
3233,The Secret of Kells
3234,Begin Again
3235,Down in the Valley
3236,Brooklyn Rules
3237,Restless
3238,The Singing Detective
3239,The Land Girls
3240,Fido
3241,The Wendell Baker Story
3242,Wild Target
3243,Pathology
3244,Wuthering Heights
3245,10th & Wolf
3246,Dear Wendy
3247,Aloft
3248,The Death and Life of Bobby Z
3249,Maurice Richard
3250,Swelter
3251,Imagine Me & You
3252,Mr. Church
3253,Swimming Pool
3254,Green Street Hooligans: Underground
3255,The Blood of Heroes
3256,Code of Honor
3257,Driving Miss Daisy
3258,Soul Food
3259,Loin des hommes
3260,Thank You for Smoking
3261,Hostel: Part II
3262,An Education
3263,Shopgirl
3264,The Hotel New Hampshire
3265,Narc
3266,Men with Brooms
3267,Witless Protection
3268,The Work and the Glory
3269,Extract
3270,Masked and Anonymous
3271,Betty Fisher et autres histoires
3272,Code 46
3273,Outside Bet
3274,Albert Nobbs
3275,Black November
3276,Ta Ra Rum Pum
3277,Persepolis
3278,The Hole
3279,Die Welle
3280,The Neon Demon
3281,Harry Brown
3282,The Omega Code
3283,Juno
3284,Pound of Flesh
3285,Diamonds Are Forever
3286,The Godfather
3287,Flashdance
3288,(500) Days of Summer
3289,The Piano
3290,Magic Mike
3291,Darkness Falls
3292,Live and Let Die
3293,My Dog Skip
3294,"Definitely, Maybe"
3295,Jumping the Broom
3296,"Good Night, and Good Luck."
3297,Capote
3298,Desperado
3299,Logan's Run
3300,The Man with the Golden Gun
3301,Action Jackson
3302,The Descent
3303,Michael Jordan to the Max
3304,Devil's Due
3305,Flirting with Disaster
3306,The Devil's Rejects
3307,Dope
3308,In Too Deep
3309,House of 1000 Corpses
3310,Alien Zone
3311,A Serious Man
3312,Get Low
3313,Warlock
3314,Beyond the Lights
3315,A Single Man
3316,The Last Temptation of Christ
3317,Outside Providence
3318,Bride & Prejudice
3319,Rabbit-Proof Fence
3320,Who's Your Caddy?
3321,Split Second
3322,The Other Side of Heaven
3323,Veer-Zaara
3324,Redbelt
3325,Cyrus
3326,A Dog Of Flanders
3327,Auto Focus
3328,Factory Girl
3329,We Need to Talk About Kevin
3330,The Christmas Candle
3331,The Mighty Macs
3332,Losin' It
3333,Mother and Child
3334,March or Die
3335,Les visiteurs
3336,Somewhere
3337,I Hope They Serve Beer in Hell
3338,Chairman of the Board
3339,Hesher
3340,Dom Hemingway
3341,Gerry
3342,The Heart of Me
3343,Freeheld
3344,The Extra Man
3345,Трудно быть богом
3346,Ca$h
3347,Wah-Wah
3348,The Boondock Saints
3349,Twixt
3350,Снежная королева
3351,Alpha and Omega: The Legend of the Saw Tooth Cave
3352,Pale Rider
3353,Stargate: The Ark of Truth
3354,Dazed and Confused
3355,High School Musical 2
3356,Two Lovers and a Bear
3357,Criminal Activities
3358,Aimee & Jaguar
3359,The Chumscrubber
3360,Shade
3361,House at the End of the Street
3362,Incendies
3363,Ricordati di me
3364,Perrier’s Bounty
3365,Tropa de Elite
3366,Annabelle
3367,Bran Nue Dae
3368,Boyz n the Hood
3369,La Bamba
3370,The Four Seasons
3371,Dressed to Kill
3372,The Adventures of Huck Finn
3373,Go
3374,Friends with Money
3375,The Andromeda Strain
3376,Bats
3377,Nirgendwo in Afrika
3378,Shame
3379,Layer Cake
3380,The Work and the Glory II: American Zion
3381,The East
3382,A Home at the End of the World
3383,Aberdeen
3384,The Messenger
3385,Tracker
3386,Control
3387,The Terminator
3388,"Good bye, Lenin!"
3389,The Damned United
3390,The Return of the Living Dead
3391,Mallrats
3392,Grease
3393,Platoon
3394,Fahrenheit 9/11
3395,Butch Cassidy and the Sundance Kid
3396,Mary Poppins
3397,Ordinary People
3398,West Side Story
3399,Caddyshack
3400,The Brothers
3401,The Wood
3402,The Usual Suspects
3403,A Nightmare on Elm Street 5: The Dream Child
3404,National Lampoon’s Van Wilder
3405,The Wrestler
3406,Duel in the Sun
3407,Best in Show
3408,Escape from New York
3409,School Daze
3410,Daddy Day Camp
3411,A Mighty Wind
3412,Mystic Pizza
3413,Sliding Doors
3414,Tales from the Hood
3415,The Last King of Scotland
3416,Halloween 5: The Revenge of Michael Myers
3417,Bernie
3418,Dolphins and Whales: Tribes of the Ocean
3419,Pollock
3420,200 Cigarettes
3421,The Words
3422,Casa De Mi Padre
3423,City Island
3424,The Guard
3425,College
3426,The Virgin Suicides
3427,Little Voice
3428,Miss March
3429,Wish I Was Here
3430,Simply Irresistible
3431,Hedwig and the Angry Inch
3432,Only the Strong
3433,Goddess of Love
3434,Shattered Glass
3435,Novocaine
3436,The Business of Strangers
3437,The Wild Bunch
3438,The Wackness
3439,The First Great Train Robbery
3440,Morvern Callar
3441,Beastmaster 2: Through the Portal of Time
3442,The 5th Quarter
3443,La fleur du mal
3444,The Greatest
3445,Snow Flower and the Secret Fan
3446,Come Early Morning
3447,Lucky Break
3448,Julia
3449,"Surfer, Dude"
3450,Lake of Fire
3451,Men of War
3452,Don McKay
3453,Deadfall
3454,A Shine of Rainbows
3455,The Hit List
3456,Emma
3457,Videodrome
3458,L'Auberge espagnole
3459,Song One
3460,Oorlogswinter
3461,Freaky Deaky
3462,The Train
3463,Trade Of Innocents
3464,Bend It Like Beckham
3465,Sunshine State
3466,Crossover
3467,Khiladi 786
3468,Standing Ovation
3469,The Sting
3470,Chariots of Fire
3471,Diary of a Mad Black Woman
3472,Shine
3473,Don Jon
3474,High Plains Drifter
3475,Ghost World
3476,Iris
3477,Galaxina
3478,Les Choristes
3479,Mambo Italiano
3480,Wonderland
3481,Do the Right Thing
3482,Harvard Man
3483,Le Havre
3484,Irréversible
3485,R100
3486,Rang De Basanti
3487,Animals
3488,Salvation Boulevard
3489,The Ten
3490,A Room for Romeo Brass
3491,Hodejegerne
3492,Grabbers
3493,Saint Ralph
3494,Miss Julie
3495,Somewhere in Time
3496,Dum Maaro Dum
3497,Insidious: Chapter 2
3498,Saw II
3499,10 Cloverfield Lane
3500,Jackass: The Movie
3501,Lights Out
3502,Paranormal Activity 3
3503,Ouija
3504,A Nightmare on Elm Street 3: Dream Warriors
3505,No se Aceptan Devoluciones
3506,Paranormal Activity 4
3507,The Robe
3508,The Return of the Pink Panther
3509,Freddy's Dead: The Final Nightmare
3510,Monster
3511,"20,000 Leagues Under the Sea"
3512,Paranormal Activity: The Marked Ones
3513,The Elephant Man
3514,Dallas Buyers Club
3515,The Lazarus Effect
3516,Memento
3517,Oculus
3518,Clerks II
3519,Billy Elliot
3520,The Way Way Back
3521,House Party 2
3522,The Man from Snowy River
3523,Doug's 1st Movie
3524,The Apostle
3525,Mommie Dearest
3526,Our Idiot Brother
3527,Race
3528,The Players Club
3529,"As Above, So Below"
3530,Addicted
3531,Eve's Bayou
3532,Still Alice
3533,The Egyptian
3534,Nighthawks
3535,Friday the 13th Part VIII: Jason Takes Manhattan
3536,My Big Fat Greek Wedding
3537,Spring Breakers
3538,Halloween: The Curse of Michael Myers
3539,Y tu mamá también
3540,Shaun of the Dead
3541,The Haunting of Molly Hartley
3542,Lone Star
3543,Halloween 4: The Return of Michael Myers
3544,April Fool's Day
3545,Diner
3546,Lone Wolf McQuade
3547,Apollo 18
3548,Sunshine Cleaning
3549,No Escape
3550,The Beastmaster
3551,Solomon and Sheba
3552,Fifty Shades of Black
3553,Not Easily Broken
3554,A Farewell to Arms
3555,The Perfect Match
3556,Digimon: The Movie
3557,Saved!
3558,Les Invasions barbares
3559,Robin and Marian
3560,The Forsaken
3561,Force 10 from Navarone
3562,UHF
3563,Grandma's Boy
3564,Slums of Beverly Hills
3565,C'era una volta il West
3566,Made
3567,Moon
3568,Keeping Up with the Steins
3569,Sea Rex 3D: Journey to a Prehistoric World
3570,The Sweet Hereafter
3571,Des hommes et des dieux
3572,Bottle Shock
3573,Jekyll and Hyde ... Together Again
3574,Heavenly Creatures
3575,90 Minutes in Heaven
3576,Everything Must Go
3577,Zero Effect
3578,The Machinist
3579,Light Sleeper
3580,Kill the Messenger
3581,Rabbit Hole
3582,Party Monster
3583,Green Room
3584,The Oh in Ohio
3585,Atlas Shrugged Part III: Who is John Galt?
3586,Bottle Rocket
3587,Albino Alligator
3588,"Gandhi, My Father"
3589,Standard Operating Procedure
3590,Out of the Blue
3591,Tucker and Dale vs Evil
3592,"Lovely, Still"
3593,Tycoon
3594,Desert Blue
3595,Decoys
3596,The Visit
3597,Redacted
3598,Fascination
3599,Area 51
3600,Mientras duermes
3601,The Cottage
3602,Dead Like Me: Life After Death
3603,Farce of the Penguins
3604,Flying By
3605,Rudderless
3606,Henry & Me
3607,Christmas Eve
3608,We Have Your Husband
3609,Dying of the Light
3610,Born Of War
3611,Capricorn One
3612,Should've Been Romeo
3613,Running Forever
3614,Yoga Hosers
3615,Navy Seals vs. Zombies
3616,Obsluhoval jsem anglického krále
3617,Soul Kitchen
3618,Sling Blade
3619,The Awakening
3620,Hostel
3621,A Cock and Bull Story
3622,Take Shelter
3623,Lady in White
3624,Driving Lessons
3625,Let's Kill Ward's Wife
3626,The Texas Chainsaw Massacre 2
3627,Pat Garrett & Billy the Kid
3628,Only God Forgives
3629,Camping Sauvage
3630,Without Men
3631,Dear Frankie
3632,All Hat
3633,Le Nom des gens
3634,Treading Water
3635,Savage Grace
3636,Out of the Blue
3637,Police Academy
3638,The Blue Lagoon
3639,Four Weddings and a Funeral
3640,Fast Times at Ridgemont High
3641,Moby Dick
3642,25th Hour
3643,Bound
3644,Requiem for a Dream
3645,State Fair
3646,"Tango, no me dejes nunca"
3647,Salvador
3648,Moms' Night Out
3649,Donnie Darko
3650,Salvando al Soldado Perez
3651,Karakter
3652,Spun
3653,Life During Wartime
3654,"Nannerl, la soeur de Mozart"
3655,Mean Machine
3656,Blackthorn
3657,Lilja 4-Ever
3658,After.Life
3659,Fugly
3660,One Flew Over the Cuckoo's Nest
3661,R.L. Stine's Monsterville: The Cabinet of Souls
3662,Silent Movie
3663,Airlift
3664,Anne of Green Gables
3665,Falcon Rising
3666,The Sweeney
3667,Sexy Beast
3668,Snabba Cash
3669,Whale Rider
3670,Paa
3671,Cargo
3672,High School Musical
3673,Love and Death on Long Island
3674,The Crying Game
3675,Porky's
3676,Survival of the Dead
3677,Night of the Living Dead
3678,Lost in Translation
3679,Annie Hall
3680,The Greatest Show on Earth
3681,Monster's Ball
3682,Maggie
3683,Leaving Las Vegas
3684,Hansel and Gretel Get Baked
3685,The Front Page
3686,The Boy Next Door
3687,Trapeze
3688,The Kids Are All Right
3689,They Live
3690,The Great Escape
3691,The Last Exorcism Part II
3692,Boyhood
3693,Scoop
3694,The Wash
3695,3 Strikes
3696,The Cooler
3697,The Misfits
3698,The Night Listener
3699,The Jerky Boys
3700,El orfanato
3701,A Haunted House 2
3702,The Rules of Attraction
3703,Topaz
3704,Let's Go to Prison
3705,Four Rooms
3706,Secretary
3707,The Real Cancun
3708,Talk Radio
3709,Waiting for Guffman
3710,Love Stinks
3711,You Kill Me
3712,Thumbsucker
3713,Red State
3714,Mirrormask
3715,Samsara
3716,The Barbarians
3717,The Art of Getting By
3718,Zipper
3719,Poolhall Junkies
3720,The Loss of Sexual Innocence
3721,Holy Motors
3722,Joe
3723,Shooting Fish
3724,Prison
3725,Psycho Beach Party
3726,The Big Tease
3727,"Guten Tag, Ramón"
3728,Trust
3729,An Everlasting Piece
3730,Among Giants
3731,Adore
3732,The Velocity of Gary
3733,Los lunes al sol
3734,Stake Land
3735,The Last Time I Committed Suicide
3736,Praia do Futuro
3737,Another Happy Day
3738,A Lonely Place to Die
3739,Nothing
3740,Географ глобус пропил
3741,1776
3742,Inescapable
3743,Hell's Angels
3744,Purple Violets
3745,The Veil
3746,The Loved Ones
3747,The Helpers
3748,How to Fall in Love
3749,The Perfect Wave
3750,A Man for All Seasons
3751,Network
3752,Gone with the Wind
3753,Desert Dancer
3754,Major Dundee
3755,Annie Get Your Gun
3756,Four Lions
3757,Casa de Areia
3758,Defendor
3759,The Pirate
3760,The Good Heart
3761,The History Boys
3762,Midnight Cowboy
3763,The Full Monty
3764,Airplane!
3765,Chain of Command
3766,Friday
3767,Menace II Society
3768,Creepshow 2
3769,The Ballad of Cable Hogue
3770,In Cold Blood
3771,The Nun's Story
3772,Harper
3773,Frenzy
3774,The Witch
3775,I Got the Hook Up
3776,She's the One
3777,Gods and Monsters
3778,El secreto de sus ojos
3779,Train
3780,Evil Dead II
3781,Pootie Tang
3782,Sharknado
3783,La otra conquista
3784,Trolljegeren
3785,Ira & Abby
3786,Winter Passing
3787,D.E.B.S.
3788,The Masked Saint
3789,The Betrayed
3790,Taxman
3791,The Secret
3792,2:13
3793,"Batman: The Dark Knight Returns, Part 2"
3794,Time to Choose
3795,In the Name of the King III
3796,Wicked Blood
3797,Dawn Patrol
3798,Lords of London
3799,High Anxiety
3800,La Marche de l'empereur
3801,Margin Call
3802,August
3803,Choke
3804,Whiplash
3805,Cidade de Deus
3806,Human Traffic
3807,To Write Love on Her Arms
3808,The Dead Girl
3809,Jagten
3810,A Christmas Story
3811,Bella
3812,Class of 1984
3813,Opposite Sex
3814,Dreaming of Joseph Lees
3815,Entre les murs
3816,Rosemary's Baby
3817,The Man Who Shot Liberty Valance
3818,Adam
3819,"María, llena eres de gracia"
3820,Beginners
3821,Feast
3822,Animal House
3823,Goldfinger
3824,Antiviral
3825,It's a Wonderful Life
3826,Trainspotting
3827,The Original Kings of Comedy
3828,Paranormal Activity 2
3829,Waking Ned
3830,Bowling for Columbine
3831,A Nightmare on Elm Street Part 2: Freddy's Revenge
3832,A Room with a View
3833,The Purge
3834,Sinister
3835,Martin Lawrence Live: Runteldat
3836,Cat on a Hot Tin Roof
3837,Beneath the Planet of the Apes
3838,Air Bud
3839,Pokémon 3: The Movie
3840,Friday the 13th Part VI: Jason Lives
3841,The Bridge on the River Kwai
3842,Spaced Invaders
3843,Family Plot
3844,The Apartment
3845,Jason Goes to Hell: The Final Friday
3846,Torn Curtain
3847,Dave Chappelle's Block Party
3848,Slow West
3849,Krush Groove
3850,Next Day Air
3851,Elmer Gantry
3852,Judgment at Nuremberg
3853,Trippin'
3854,Red River
3855,Phat Girlz
3856,Before Midnight
3857,Teen Wolf Too
3858,Phantasm II
3859,Woman Thou Art Loosed
3860,Real Women Have Curves
3861,Water
3862,East Is East
3863,Whipped
3864,Kama Sutra - A Tale of Love
3865,Please Give
3866,Willy Wonka & the Chocolate Factory
3867,Warlock: The Armageddon
3868,8 Heads in a Duffel Bag
3869,Days of Heaven
3870,Thirteen Conversations About One Thing
3871,Jawbreaker
3872,Basquiat
3873,Frances Ha
3874,Tsotsi
3875,Happiness
3876,DysFunktional Family
3877,Tusk
3878,Letters to God
3879,Hobo with a Shotgun
3880,Compadres
3881,Freeway
3882,Love's Abiding Joy
3883,Fish Tank
3884,Damsels in Distress
3885,Creature
3886,Bachelorette
3887,Brave New Girl
3888,Tim and Eric's Billion Dollar Movie
3889,Sommersturm
3890,Fort McCoy
3891,Chain Letter
3892,Just Looking
3893,The Divide
3894,The Eclipse
3895,Demonic
3896,My Big Fat Independent Movie
3897,The Deported
3898,Tanner Hall
3899,Open Road
3900,They Came Together
3901,30 Nights of Paranormal Activity With the Devil Inside the Girl With the Dragon Tattoo
3902,Never Back Down 2: The Beatdown
3903,Point Blank
3904,Four Single Fathers
3905,Enter the Dangerous Mind
3906,Something Wicked
3907,AWOL-72
3908,Iguana
3909,Chicago Overcoat
3910,Barry Munday
3911,Central do Brasil
3912,Pocketful of Miracles
3913,Close Range
3914,Boynton Beach Club
3915,Amnesiac
3916,Freakonomics
3917,Haute tension
3918,Griff the Invisible
3919,Unnatural
3920,Hustle & Flow
3921,Some Like It Hot
3922,Friday the 13th Part VII: The New Blood
3923,The Wizard of Oz
3924,Young Frankenstein
3925,Diary of the Dead
3926,Lage Raho Munna Bhai
3927,Ulee's Gold
3928,The Black Stallion
3929,Sardaarji
3930,Rejsen til Saturn
3931,Donovan's Reef
3932,De jurk
3933,A Guy Named Joe
3934,Blazing Saddles
3935,Friday the 13th: The Final Chapter
3936,Ida
3937,Maurice
3938,Beer League
3939,Riding Giants
3940,Los cronocrímenes
3941,Timber Falls
3942,"Fat, Sick & Nearly Dead"
3943,A Haunted House
3944,2016: Obama's America
3945,That Thing You Do!
3946,Halloween III: Season of the Witch
3947,Escape from the Planet of the Apes
3948,Hud
3949,Kevin Hart: Let Me Explain
3950,My Own Private Idaho
3951,Garden State
3952,Before Sunrise
3953,Sur le seuil
3954,Jesus' Son
3955,Saving Face
3956,Brick Lane
3957,Robot & Frank
3958,My Life Without Me
3959,The Spectacular Now
3960,Religulous
3961,Fuel
3962,Valley of the Heart's Delight
3963,Eye of the Dolphin
3964,8: The Mormon Proposition
3965,The Other End of the Line
3966,Anatomie
3967,Sleep Dealer
3968,Super
3969,Christmas Mail
3970,Stung
3971,Antibirth
3972,Get on the Bus
3973,Thr3e
3974,Idiocracy
3975,The Rise of the Krays
3976,This Is England
3977,U.F.O.
3978,Bathing Beauty
3979,Go for It!
3980,"Dancer, Texas Pop. 81"
3981,Show Boat
3982,Redemption Road
3983,The Calling
3984,The Brave Little Toaster
3985,Fantasia
3986,8 Days
3987,Friday the 13th Part III
3988,Friday the 13th: A New Beginning
3989,The Last Sin Eater
3990,Do You Believe?
3991,Impact Point
3992,The Valley of Decision
3993,Eden
3994,Chicken Tikka Masala
3995,There's Always Woodstock
3996,Jack Brooks: Monster Slayer
3997,The Best Years of Our Lives
3998,Bully
3999,Elling
4000,Mi America
4001,Lies in Plain Sight
4002,Sharkskin
4003,Containment
4004,The Timber
4005,From Russia with Love
4006,The Toxic Avenger Part II
4007,Sleeper
4008,It Follows
4009,Everything You Always Wanted to Know About Sex *But Were Afraid to Ask
4010,To Kill a Mockingbird
4011,Mad Max 2
4012,Boys Don't Cry
4013,Silent House
4014,Das Leben der Anderen
4015,Courageous
4016,The Hustler
4017,Boom Town
4018,Les triplettes de Belleville
4019,Smoke Signals
4020,American Splendor
4021,Before Sunset
4022,Amores perros
4023,Thirteen
4024,Gentleman's Agreement
4025,Winter's Bone
4026,Touching the Void
4027,Alexander's Ragtime Band
4028,Me and You and Everyone We Know
4029,Inside Job
4030,We Are Your Friends
4031,Ghost Dog: The Way of the Samurai
4032,Harsh Times
4033,Captive
4034,Full Frontal
4035,Witchboard
4036,Shortbus
4037,Vals Im Bashir
4038,"The Book of Mormon Movie, Volume 1: The Journey"
4039,No End in Sight
4040,The Diary of a Teenage Girl
4041,In the Shadow of the Moon
4042,Meek's Cutoff
4043,Inside Deep Throat
4044,Dinner Rush
4045,Clockwatchers
4046,The Virginity Hit
4047,Subway
4048,House of D
4049,Teeth
4050,Six-String Samurai
4051,Hum To Mohabbat Karega
4052,It's All Gone Pete Tong
4053,Saint John of Las Vegas
4054,24 7: Twenty Four Seven
4055,Stonewall
4056,Roadside Romeo
4057,This Thing of Ours
4058,The Lost Medallion: The Adventures of Billy Stone
4059,The Last Five Years
4060,The Missing Person
4061,Return of the Living Dead 3
4062,London
4063,Sherrybaby
4064,Circle
4065,Eden Lake
4066,Plush
4067,Lesbian Vampire Killers
4068,Jerusalema
4069,Freeze Frame
4070,Grave Encounters
4071,Stitches
4072,Nine Dead
4073,"To Be Frank, Sinatra at 100"
4074,Bananas
4075,$upercapitalist
4076,Rockaway
4077,The Lady from Shanghai
4078,No Man's Land: The Rise of Reeker
4079,Highway
4080,Small Apartments
4081,Coffee Town
4082,The Ghastly Love of Johnny X
4083,All Is Bright
4084,Die Schlangengrube und das Pendel
4085,Straight A's
4086,A Funny Thing Happened on the Way to the Forum
4087,Slacker Uprising
4088,The Legend of Hell's Gate: An American Conspiracy
4089,Walking with the Dead
4090,The Curse of Downers Grove
4091,Shark Lake
4092,River's Edge
4093,Northfork
4094,The Marine 4: Moving Target
4095,Buried
4096,Submarine
4097,The Square
4098,Chacun sa nuit
4099,Man on Wire
4100,Abandoned
4101,Brotherly Love
4102,The Last Exorcism
4103,Nowhere Boy
4104,A Streetcar Named Desire
4105,Dr. Strangelove or: How I Learned to Stop Worrying and Love the Bomb
4106,El Crimen del Padre Amaro
4107,Beasts of the Southern Wild
4108,Battle for the Planet of the Apes
4109,Songcatcher
4110,Higher Ground
4111,The Greatest Movie Ever Sold
4112,Ed and His Dead Mother
4113,Travellers and Magicians
4114,Hang 'em High
4115,Deadline - U.S.A.
4116,Sublime
4117,A Beginner's Guide to Snuff
4118,Independence Daysaster
4119,Dysfunctional Friends
4120,Lola rennt
4121,May
4122,Against the Wild
4123,La misma luna
4124,Conquest of the Planet of the Apes
4125,In the Bedroom
4126,I Spit on Your Grave
4127,"Happy, Texas"
4128,My Summer of Love
4129,Dabba
4130,Yes
4131,You Can't Take It With You
4132,From Here to Eternity
4133,She Wore a Yellow Ribbon
4134,Grace Unplugged
4135,Foolish
4136,N-Secure
4137,Out of the Dark
4138,Ha-Buah
4139,The Conversation
4140,दिल जो भी कहे
4141,La sirène du Mississipi
4142,I Love Your Work
4143,Cabin Fever
4144,Waitress
4145,Bloodsport
4146,Mr. Smith Goes to Washington
4147,Kids
4148,The Squid and the Whale
4149,Kissing Jessica Stein
4150,Kickboxer: Vengeance
4151,Spellbound
4152,Exotica
4153,Buffalo '66
4154,Insidious
4155,Repo Man
4156,Nueve Reinas
4157,The Gatekeepers
4158,The Ballad of Jack and Rose
4159,The To Do List
4160,Killing Zoe
4161,The Believer
4162,Snow Angels
4163,Unsullied
4164,Session 9
4165,I Want Someone to Eat Cheese With
4166,Mooz-lum
4167,Hatchet
4168,Modern Times
4169,Stolen Summer
4170,My Name Is Bruce
4171,The Salon
4172,Road Hard
4173,Forty Shades of Blue
4174,Amigo
4175,Pontypool
4176,Trucker
4177,Me You and Five Bucks
4178,The Lords of Salem
4179,Housebound
4180,Wal-Mart: The High Cost of Low Price
4181,Fetching Cody
4182,Last I Heard
4183,Closer to the Moon
4184,Mutant World
4185,Growing Up Smith
4186,Checkmate
4187,#Horror
4188,Wind Walkers
4189,Snow White and the Seven Dwarfs
4190,La niña santa
4191,Shalako
4192,Incident at Loch Ness
4193,The Dog Lover
4194,GirlHouse
4195,La chambre bleue
4196,House at the End of the Drive
4197,Batman
4198,"Lock, Stock and Two Smoking Barrels"
4199,The Ballad of Gregorio Cortez
4200,Festen
4201,Trees Lounge
4202,Vượt Sóng
4203,The Basket
4204,Eddie: The Sleepwalking Cannibal
4205,Kurmanjan Datka. Queen of the Mountains
4206,Def-Con 4
4207,The Hebrew Hammer
4208,Neal 'n' Nikki
4209,The 41–Year–Old Virgin Who Knocked Up Sarah Marshall and Felt Superbad About It
4210,Forget Me Not
4211,Rebecca
4212,Friday the 13th Part 2
4213,The Lost Weekend
4214,C.H.U.D.
4215,Filly Brown
4216,The Lion of Judah
4217,Niagara
4218,How Green Was My Valley
4219,Da Sweet Blood of Jesus
4220,"Sex, Lies, and Videotape"
4221,Saw
4222,Super Troopers
4223,The Algerian
4224,Los insólitos peces gato
4225,Monsoon Wedding
4226,You Can Count on Me
4227,The Trouble with Harry
4228,But I'm a Cheerleader
4229,Home Run
4230,Reservoir Dogs
4231,The Blue Bird
4232,"Il buono, il brutto, il cattivo"
4233,Que Horas Ela Volta?
4234,Blue Like Jazz
4235,Down & Out With The Dolls
4236,"Pink Ribbons, Inc."
4237,Certifiably Jonathan
4238,Q
4239,La Navaja De Don Juan
4240,Grand Theft Parsons
4241,Extreme Movie
4242,The Charge of the Light Brigade
4243,Below Zero
4244,Crowsnest
4245,Airborne
4246,Cotton Comes to Harlem
4247,The Wicked Within
4248,Bleeding Hearts
4249,Waiting...
4250,Dead Man's Shoes
4251,From a Whisper to a Scream
4252,Sex With Strangers
4253,Dracula: Pages from a Virgin's Diary
4254,Faith Like Potatoes
4255,Beyond the Black Rainbow
4256,Serbuan maut
4257,The Dead Undead
4258,The Vatican Exorcisms
4259,Casablanca
4260,Lake Mungo
4261,Rocket Singh: Salesman of the Year
4262,Silent Running
4263,Rocky
4264,The Sleepwalker
4265,Tom Jones
4266,Unfriended
4267,Taxi Driver
4268,The Howling
4269,Dr. No
4270,Chernobyl Diaries
4271,Hellraiser
4272,God's Not Dead 2
4273,Cry_Wolf
4274,Gojira ni-sen mireniamu
4275,Blue Valentine
4276,Transamerica
4277,The Devil Inside
4278,Beyond the Valley of the Dolls
4279,Love Me Tender
4280,An Inconvenient Truth
4281,Sands of Iwo Jima
4282,Shine a Light
4283,The Green Inferno
4284,Departure
4285,The Sessions
4286,"Food, Inc."
4287,October Baby
4288,Next Stop Wonderland
4289,The Skeleton Twins
4290,Martha Marcy May Marlene
4291,Obvious Child
4292,Frozen River
4293,20 Feet from Stardom
4294,Two Girls and a Guy
4295,Walking and Talking
4296,Who Killed the Electric Car?
4297,The Broken Hearts Club: A Romantic Comedy
4298,Bubba Ho-tep
4299,Slam
4300,Brigham City
4301,Fiza
4302,Orgazmo
4303,All the Real Girls
4304,Dream with the Fishes
4305,Blue Car
4306,Palo Alto
4307,Ajami
4308,Wristcutters: A Love Story
4309,I Origins
4310,The Battle of Shaker Heights
4311,Jagal
4312,Taxi to the Dark Side
4313,Once in a Lifetime: The Extraordinary Story of the New York Cosmos
4314,Guiana 1838
4315,Lisa Picard Is Famous
4316,Antarctica: A Year on Ice
4317,A LEGO Brickumentary
4318,Hardflip
4319,Chocolate: Deep Dark Secrets
4320,The House of the Devil
4321,The Perfect Host
4322,Safe Men
4323,Speedway Junky
4324,The Last Big Thing
4325,The Specials
4326,16 to Life
4327,Alone With Her
4328,Creative Control
4329,Special
4330,Sparkler
4331,The Helix... Loaded
4332,In Her Line of Fire
4333,The Jimmy Show
4334,Heli
4335,Karachi se Lahore
4336,Loving Annabelle
4337,Hits
4338,Jimmy and Judy
4339,Frat Party
4340,The Party's Over
4341,Proud
4342,The Poker House
4343,Childless
4344,ZMD: Zombies of Mass Destruction
4345,Snow White: A Deadly Summer
4346,A escondidas
4347,My Last Day Without You
4348,Steppin: The Movie
4349,Doc Holliday's Revenge
4350,Black Rock
4351,Truth or Dare
4352,The Pet
4353,Bang Bang Baby
4354,Fear Clinic
4355,Zombie Hunter
4356,A Fine Step
4357,Charly
4358,Banshee Chapter
4359,Ask Me Anything
4360,And Then Came Love
4361,Food Chains
4362,On the Waterfront
4363,L!fe Happens
4364,"4 luni, 3 săptămîni și 2 zile"
4365,The Horror Network Vol. 1
4366,Hard Candy
4367,The Quiet
4368,Circumstance
4369,Fruitvale Station
4370,The Brass Teapot
4371,Bambi
4372,The Hammer
4373,Latter Days
4374,Le bonheur d'Elza
4375,1982
4376,"For a Good Time, Call..."
4377,Celeste & Jesse Forever
4378,Time Changer
4379,London to Brighton
4380,American Hero
4381,Windsor Drive
4382,Crying with Laughter
4383,Welcome to the Dollhouse
4384,Ruby in Paradise
4385,Raising Victor Vargas
4386,Die Büchse der Pandora
4387,Harrison Montgomery
4388,Cama adentro
4389,Deterrence
4390,The Mudge Boy
4391,The Young Unknowns
4392,Not Cool
4393,Død snø
4394,Saints and Soldiers
4395,Vessel
4396,American Graffiti
4397,Iraq for Sale: The War Profiteers
4398,Aqua Teen Hunger Force Colon Movie Film for Theaters
4399,Safety Not Guaranteed
4400,Kevin Hart: Laugh at My Pain
4401,Kill List
4402,The Innkeepers
4403,Il conformista
4404,Interview with the Assassin
4405,Donkey Punch
4406,All the Boys Love Mandy Lane
4407,Bled
4408,High Noon
4409,Hoop Dreams
4410,Rize
4411,L.I.E. Long Island Expressway
4412,The Sisterhood of Night
4413,B-Girl
4414,Half Nelson
4415,Naturally Native
4416,Hav Plenty
4417,Adulterers
4418,Escape from Tomorrow
4419,Starsuckers
4420,The Hadza:  Last of the First
4421,After
4422,Treachery
4423,Walter
4424,Top Hat
4425,The Blair Witch Project
4426,Woodstock
4427,The Kentucky Fried Movie
4428,Mercy Streets
4429,Arnolds Park
4430,Broken Vessels
4431,Water & Power
4432,They Will Have to Kill Us First
4433,Light from the Darkroom
4434,Médecin de campagne
4435,The Maid's Room
4436,A Hard Day's Night
4437,The Harvest (La Cosecha)
4438,Love Letters
4439,Julija in Alfa Romeo
4440,Fireproof
4441,Faith Connections
4442,Benji
4443,Open Water
4444,High Road
4445,Kingdom of the Spiders
4446,Mad Hot Ballroom
4447,The Station Agent
4448,To Save A Life
4449,Wordplay
4450,Beyond the Mat
4451,The Singles Ward
4452,Osama
4453,Sholem Aleichem: Laughing In The Darkness
4454,Groove
4455,The R.M.
4456,Twin Falls Idaho
4457,Mean Creek
4458,Hurricane Streets
4459,Never Again
4460,Civil Brand
4461,Lonesome Jim
4462,Drinking Buddies
4463,Deceptive Practice: The Mysteries and Mentors of Ricky Jay
4464,Kita svajonių komanda
4465,Johnny Suede
4466,Finishing The Game
4467,Rubber
4468,Kiss the Bride
4469,The Slaughter Rule
4470,Monsters
4471,The Californians
4472,The Living Wake
4473,Detention of the Dead
4474,Scott Walker: 30 Century Man
4475,Everything Put Together
4476,Good Kill
4477,The Outrageous Sophie Tucker
4478,Now Is Good
4479,Girls Gone Dead
4480,America Is Still the Place
4481,Subconscious
4482,Enter Nowhere
4483,El Rey de Najayo
4484,Fight to the Finish
4485,Alleluia! The Devil's Carnival
4486,The Sound and the Shadow
4487,Rodeo Girl
4488,Born to Fly: Elizabeth Streb vs. Gravity
4489,The Little Ponderosa Zoo
4490,The Toxic Avenger
4491,Straight Out of Brooklyn
4492,Bloody Sunday
4493,Diamond Ruff
4494,Conversations with Other Women
4495,Poultrygeist: Night of the Chicken Dead
4496,Mutual Friends
4497,42nd Street
4498,Rise of the Entrepreneur: The Search for a Better Way
4499,Metropolitan
4500,Så som i himmelen
4501,Roadside
4502,Napoleon Dynamite
4503,Blue Ruin
4504,Paranormal Activity
4505,Dogtown and Z-Boys
4506,Monty Python and the Holy Grail
4507,Quinceañera
4508,Gory Gory Hallelujah
4509,Tarnation
4510,I Want Your Money
4511,Love in the Time of Monsters
4512,What Happens in Vegas
4513,The Dark Hours
4514,My Beautiful Laundrette
4515,Fabled
4516,Show Me
4517,Viskningar och rop
4518,Intolerance
4519,Trekkies
4520,The Broadway Melody
4521,The Evil Dead
4522,Maniac
4523,Censored Voices
4524,Murderball
4525,American Ninja 2: The Confrontation
4526,51 Birch Street
4527,Rotor DR1
4528,12 Angry Men
4529,My Dog Tulip
4530,It Happened One Night
4531,Κυνόδοντας
4532,Tupac: Resurrection
4533,Tumbleweeds
4534,The Prophecy
4535,Chacun Cherche Son Chat
4536,Pieces of April
4537,The Big Swap
4538,Old Joy
4539,Wendy and Lucy
4540,3 Backyards
4541,Pierrot le fou
4542,Sisters in Law
4543,Ayurveda: Art of Being
4544,Nothing But a Man
4545,"First Love, Last Rites"
4546,Fighting Tommy Riley
4547,Royal Kill
4548,The Looking Glass
4549,Death Race 2000
4550,Locker 13
4551,Midnight Cabaret
4552,Anderson's Cross
4553,Bizarre
4554,Graduation Day
4555,Some Guy Who Kills People
4556,Compliance
4557,Chasing Amy
4558,Lovely & Amazing
4559,Death Calls
4560,Better Luck Tomorrow
4561,The Incredibly True Adventure of Two Girls In Love
4562,Chuck & Buck
4563,American Desi
4564,Amidst the Devil's Wings
4565,Cube
4566,Love and Other Catastrophes
4567,I Married a Strange Person!
4568,November
4569,Like Crazy
4570,Teeth and Blood
4571,Sugar Town
4572,The Motel
4573,The Canyons
4574,On the Outs
4575,Shotgun Stories
4576,Exam
4577,The Sticky Fingers of Time
4578,Sunday School Musical
4579,Rust
4580,Ink
4581,The Christmas Bunny
4582,Butterfly
4583,UnDivided
4584,The Frozen
4585,Horse Camp
4586,Give Me Shelter
4587,The Big Parade
4588,Little Big Top
4589,Along the Roadside
4590,Bronson
4591,Western Religion
4592,Burn
4593,Urbania
4594,The Stewardesses
4595,"The Beast from 20,000 Fathoms"
4596,Mad Max
4597,Swingers
4598,Per un pugno di dollari
4599,She Done Him Wrong
4600,Short Cut to Nirvana: Kumbh Mela
4601,The Grace Card
4602,Middle of Nowhere
4603,Drei
4604,The Business of Fancydancing
4605,Call + Response
4606,Malevolence
4607,Reality Show
4608,Super Hybrid
4609,Baghead
4610,Solitude
4611,Chats perchés
4612,Ordet
4613,Good Dick
4614,The Man from Earth
4615,The Trials Of Darryl Hunt
4616,Samantha: An American Girl Holiday
4617,Yesterday Was a Lie
4618,Theresa Is a Mother
4619,Archaeology of a Woman
4620,Weekend
4621,She's Gotta Have It
4622,Butterfly Girl
4623,Lumea e a mea
4624,Another Earth
4625,Sweet Sweetback's Baadasssss Song
4626,Perfect Cowboy
4627,Tadpole
4628,Once
4629,The Woman Chaser
4630,The Horse Boy
4631,When the Lights Went Out
4632,Heroes of Dirt
4633,A Charlie Brown Christmas
4634,Antarctic Edge: 70° South
4635,Aroused
4636,Top Spin
4637,Roger & Me
4638,An American in Hollywood
4639,Sound of My Voice
4640,The Blood of My Brother: A Story of Death in Iraq
4641,Your Sister's Sister
4642,A Dog's Breakfast
4643,Une femme mariée: Suite de fragments d'un film tourné en 1964
4644,The Birth of a Nation
4645,The Work and The Story
4646,Facing the Giants
4647,The Gallows
4648,Eraserhead
4649,Hollywood Shuffle
4650,The Mighty
4651,Penitentiary
4652,The Lost Skeleton of Cadavra
4653,Dude Where's My Dog?
4654,Cheap Thrills
4655,Indie Game: The Movie
4656,Straightheads
4657,Open Secret
4658,Echo Dr.
4659,The Night Visitor
4660,The Past Is a Grotesque Animal
4661,"Peace, Propaganda & the Promised Land"
4662,Pi
4663,"I Love You, Don't Touch Me!"
4664,20 Dates
4665,Queen Crab
4666,Super Size Me
4667,The FP
4668,Happy Christmas
4669,The Brain That Wouldn't Die
4670,Tiger Orange
4671,Supporting Characters
4672,Absentia
4673,The Brothers McMullen
4674,The Dirties
4675,"Gabriela, Cravo e Canela"
4676,Tiny Furniture
4677,Hayride
4678,The Naked Ape
4679,Counting
4680,The Call of Cthulhu
4681,Bending Steel
4682,The Signal
4683,The Image Revolution
4684,This Is Martin Bonner
4685,A True Story
4686,George Washington
4687,Smiling Fish & Goat On Fire
4688,Dawn of the Crescent Moon
4689,Raymond Did It
4690,The Last Waltz
4691,"Run, Hide, Die"
4692,The Exploding Girl
4693,The Legend of God's Gun
4694,Mutual Appreciation
4695,Her Cry: La Llorona Investigation
4696,Down Terrace
4697,Clerks
4698,Pink Narcissus
4699,Funny Ha Ha
4700,In the Company of Men
4701,Manito
4702,Rampage
4703,Slacker
4704,Dutch Kills
4705,Dry Spell
4706,Flywheel
4707,Backmask
4708,The Puffy Chair
4709,Stories of Our Lives
4710,Breaking Upwards
4711,All Superheroes Must Die
4712,Pink Flamingos
4713,Clean
4714,Tin Can Man
4715,On The Downlow
4716,Sanctuary: Quite a Conundrum
4717,Bang
4718,Primer
4719,Cavite
4720,El Mariachi
4721,Newlyweds
4722,"Signed, Sealed, Delivered"
4723,Shanghai Calling
4724,My Date with Drew
